Purchase_Date,Baby Stroller,Car Battery,Dog Leash,Face Cream,Fiction Novel,Fresh Milk,Gold Necklace,LEGO Set,Leather Jacket,Smartwatch,Wall Clock,Yoga Mat
2021-01-13T00:00:00.000,,,,,,,,-0.4,,,,-0.8476614699331848
2021-01-14T00:00:00.000,-0.7241379310344828,,,,,,,,,,,-0.4444444444444444
2021-01-15T00:00:00.000,,,,,-0.7507002801120448,,,,-0.6551724137931034,,,
2021-01-16T00:00:00.000,,,-0.944015444015444,,,,,,,,,
2021-01-17T00:00:00.000,,-0.5483490566037736,,,,-0.4193548387096774,,,-0.9392857142857143,,,
2021-01-18T00:00:00.000,,-0.6631853785900783,,,,-0.33333333333333337,,,,,,
2021-01-19T00:00:00.000,,,,,-0.6655948553054662,,,-0.3291770573566085,,,,
2021-01-20T00:00:00.000,,,,,,,-0.5769696969696969,,,,,
2021-01-21T00:00:00.000,,,,,,,,-0.4774774774774775,,-0.7982062780269058,,
2021-01-22T00:00:00.000,-0.27873563218390807,,,,,,,,,,-0.6709677419354838,-0.3505231689088192
2021-01-23T00:00:00.000,,,,,,,-0.5415472779369628,,,,,
2021-01-24T00:00:00.000,-0.6613418530351438,,,,,,,,-0.7608142493638677,,,
2021-01-25T00:00:00.000,,,,,,,,,,,,
2021-01-26T00:00:00.000,,,,,,,-0.56875,,,-0.6212560386473429,,-0.3739930955120828
2021-01-27T00:00:00.000,,,-0.741860465116279,-0.8264925373134329,-0.856964656964657,,,,,,,
2021-01-28T00:00:00.000,,,-0.4864864864864865,,,,,,,,,
2021-01-29T00:00:00.000,,,-0.8888888888888888,-0.7863247863247863,,,,,-0.922365988909427,,,-0.5533088235294117
2021-01-30T00:00:00.000,-0.5462962962962963,,,-0.83,,,,-0.6940298507462687,,,,
2021-01-31T00:00:00.000,,,,,,,,,,,,
2021-02-01T00:00:00.000,,,,,-0.34302325581395354,,-0.3291925465838509,,,,,-0.9501385041551247
2021-02-02T00:00:00.000,,,,,,-0.37025948103792417,,,,,,
2021-02-03T00:00:00.000,-0.3877551020408163,-0.6871165644171779,,,,,-0.23611111111111116,,,,,
2021-02-04T00:00:00.000,,,,,-0.831858407079646,,,,,-0.7801766437684003,-0.3467741935483871,
2021-02-05T00:00:00.000,,,,,,-0.6006339144215531,,,,,,
2021-02-06T00:00:00.000,,,,,,,,,,,,
2021-02-07T00:00:00.000,,,,,,,,,,,,
2021-02-08T00:00:00.000,-0.5674157303370786,,,,,,,,,,,
2021-02-09T00:00:00.000,,,-0.8191919191919192,,,,,-0.7774193548387096,,,,
2021-02-10T00:00:00.000,,,,,,-0.5760266370699223,,,,,,
2021-02-11T00:00:00.000,,,,,,,,-0.3913043478260869,,-0.9494097807757167,,-0.6305538648813147
2021-02-12T00:00:00.000,,,-0.8024819027921406,,,,,,,,,-0.8204283360790774
2021-02-14T00:00:00.000,,,,,,,,,,,,
2021-02-15T00:00:00.000,,-0.5833333333333333,,,,,,,-0.9913333333333333,,,
2021-02-16T00:00:00.000,,,,,,,,,,,,
2021-02-17T00:00:00.000,,,,,,,-0.8844248761695102,,,,,
2021-02-18T00:00:00.000,,,,,,-0.4969879518072289,,,,,,
2021-02-19T00:00:00.000,,,-0.6485451761102603,,-0.8886509635974305,,,,,,,
2021-02-20T00:00:00.000,,-0.8865411116214975,-0.3594771241830066,,,,,,,-0.5275862068965518,,
2021-02-21T00:00:00.000,,,,,,-0.7250489236790607,-0.9567945932898866,,,,,
2021-02-22T00:00:00.000,,,,,,,,,,,,
2021-02-23T00:00:00.000,,,,,,,,,,,,-0.4701195219123506
2021-02-24T00:00:00.000,,,-0.7295918367346939,,,,,,,,,
2021-02-25T00:00:00.000,,,,,-0.8844114528101803,-0.815354713313897,,-0.939845886154611,,,,
2021-02-26T00:00:00.000,,,,,,,,,,,,
2021-02-27T00:00:00.000,,,,-0.7053941908713692,,,,,,,,
2021-02-28T00:00:00.000,-0.9835873388042204,,,,,,,,-0.9521322889469104,,,
2021-03-01T00:00:00.000,,,,,-0.9737916950306331,,,,,-0.42094455852156054,,
2021-03-02T00:00:00.000,-0.31640625,-0.48816568047337283,,,,-0.7128953771289538,,,,-0.5106382978723405,,
2021-03-03T00:00:00.000,,-0.25915221579961467,,,,,,-0.8553719008264463,,,,
2021-03-04T00:00:00.000,,,,,,,,,,,,
2021-03-05T00:00:00.000,,-0.9493905670376258,,,-0.659747961452928,-0.9007234726688103,,,,,,
2021-03-06T00:00:00.000,,,,,-0.8169934640522876,,-0.6583143507972665,,,,,
2021-03-07T00:00:00.000,,,-0.5675675675675675,,-0.7142857142857143,,,,,,,
2021-03-08T00:00:00.000,,,,,,,,,,,,
2021-03-09T00:00:00.000,,-0.3830508474576271,,,,,,-0.5755395683453237,,,,
2021-03-10T00:00:00.000,,,,-0.6147704590818364,,,,,-0.6417182517351341,,,
2021-03-11T00:00:00.000,,,,,,,,,-0.2806282722513088,-0.8689154568744663,,
2021-03-12T00:00:00.000,-0.33507853403141363,,-0.6713412441567781,,,-0.8997314234556849,,,,,-0.9433414043583535,
2021-03-13T00:00:00.000,-0.8254593175853018,,,-0.7150170648464164,,,-0.28915662650602414,,,-0.5179153094462541,,-0.940552016985138
2021-03-14T00:00:00.000,,,,,,,,,,,,
2021-03-15T00:00:00.000,,,,,,,,,,,,
2021-03-16T00:00:00.000,,,-0.6301969365426696,,,,,,,,,
2021-03-17T00:00:00.000,,-0.9549295774647887,,-0.5149700598802396,,,,,,-0.9563707401779901,,-0.6187943262411347
2021-03-18T00:00:00.000,,,,,-0.8959907030796048,,,,,,,
2021-03-19T00:00:00.000,-0.41515151515151516,,,,,,,,,,,
2021-03-20T00:00:00.000,,,,,,,,,,,,
2021-03-21T00:00:00.000,,,,,,,,,,,,-0.24961240310077515
2021-03-22T00:00:00.000,,,-0.3783783783783784,,-0.3676767676767677,,,,,-0.6666666666666667,-0.8353846153846154,
2021-03-23T00:00:00.000,,,,,,,,,,,,
2021-03-24T00:00:00.000,,-0.9409368635437881,,,,,,,,,,
2021-03-25T00:00:00.000,,,,,,,,,-0.24615384615384617,,,
2021-03-26T00:00:00.000,,,-0.9550173010380623,,,,,,,,,
2021-03-27T00:00:00.000,-0.42068965517241375,,,,,,,,-0.6632653061224489,-0.7670807453416149,,
2021-03-28T00:00:00.000,,,,,,,,-0.9095700416088766,,,,
2021-03-29T00:00:00.000,-0.5760456273764258,,,,,,-0.7562022900763359,,,,,-0.6284796573875804
2021-03-30T00:00:00.000,,-0.9416003033750474,,,,,,,,-0.42307692307692313,-0.2914893617021277,
2021-03-31T00:00:00.000,-0.5246636771300448,,,,,,,,,-0.5875,,
2021-04-01T00:00:00.000,,-0.49359886201991465,-0.5930521091811414,,,,,,,,,
2021-04-02T00:00:00.000,-0.8754716981132076,,,,,,,-0.92,,,-0.9579990561585654,
2021-04-03T00:00:00.000,,,,-0.23239436619718312,-0.32579185520361986,,,,,-0.5697674418604651,,
2021-04-04T00:00:00.000,-0.24242424242424243,,,,,-0.6846615252784918,,,,,,
2021-04-05T00:00:00.000,,,,-0.8960244648318043,-0.6363636363636364,,-0.888125,,,,,
2021-04-06T00:00:00.000,,,,,-0.3671875,,,,,,-0.7030567685589519,
2021-04-07T00:00:00.000,,,,,,,,-0.5701438848920863,,,,
2021-04-08T00:00:00.000,,,,,,,,,,,,
2021-04-09T00:00:00.000,,,,,,,,,-0.9778481012658228,-0.987862440997977,-0.8774509803921569,
2021-04-10T00:00:00.000,,,-0.7241379310344828,,,-0.5655913978494624,,,,,,-0.515850144092219
2021-04-11T00:00:00.000,,,-0.7631578947368421,,,,,,,,,-0.5952380952380952
2021-04-12T00:00:00.000,,,,,,,,,,,,
2021-04-13T00:00:00.000,,,,,,,,,,,,
2021-04-14T00:00:00.000,-0.7580993520518359,,,,-0.29482071713147406,,,,-0.6649214659685864,,,
2021-04-15T00:00:00.000,,,,-0.9877571008814887,,,,,,,,
2021-04-16T00:00:00.000,,,,,,,,,,,,
2021-04-17T00:00:00.000,,,,,-0.5081240768094535,,,,,,,
2021-04-18T00:00:00.000,,,,,,,-0.6341689879294337,,,,,
2021-04-19T00:00:00.000,,-0.8602771362586605,-0.7207792207792207,-0.375,,,,,,,,-0.8171428571428572
2021-04-20T00:00:00.000,,,,,,,,,,,,
2021-04-21T00:00:00.000,,,-0.7166666666666667,,,-0.6958250497017893,,,,,,
2021-04-22T00:00:00.000,,,,,,,,-0.874051593323217,,,,
2021-04-23T00:00:00.000,,,,,,,,,,,-0.7786982248520711,
2021-04-24T00:00:00.000,-0.8523928502786854,,,,,,,,,,,-0.41454545454545455
2021-04-26T00:00:00.000,,,-0.9198513800424628,,-0.7730844793713163,,,-0.23611111111111116,,,,
2021-04-27T00:00:00.000,,,,,,,,,,-0.7002341920374707,,
2021-04-28T00:00:00.000,,,,,,,,,,,-0.6577540106951871,-0.3291925465838509
2021-04-29T00:00:00.000,,,,-0.6952380952380952,,,-0.39344262295081966,-0.7647668393782383,,,,
2021-04-30T00:00:00.000,,,,-0.23153409090909094,,,,,,,,
2021-05-01T00:00:00.000,,,,,-0.8251398292611127,,,-0.2819383259911894,,,,
2021-05-02T00:00:00.000,,-0.92430426716141,,,,,,,,,,
2021-05-03T00:00:00.000,,,-0.27001862197392923,,,,,,,-0.671875,,
2021-05-04T00:00:00.000,,,,-0.4048059149722736,,,,,,,,
2021-05-05T00:00:00.000,,,,,,,-0.9299861814831875,,,,,-0.9876065065840434
2021-05-06T00:00:00.000,,,,,-0.9025492094223944,,,,,,-0.7625,
2021-05-07T00:00:00.000,-0.5234375,,,,,,,,,,,
2021-05-08T00:00:00.000,,,-0.7469478357380688,,,,,,,,,
2021-05-09T00:00:00.000,,,,,,-0.36272545090180364,,,,,,
2021-05-10T00:00:00.000,-0.6785714285714286,,,,,,,,,,,
2021-05-11T00:00:00.000,,,,,,,,-0.7159685863874345,,-0.7350157728706624,,
2021-05-12T00:00:00.000,,-0.7474093264248705,,-0.9315320041972718,,,,,,,,
2021-05-13T00:00:00.000,,,,,,,,,,,,
2021-05-14T00:00:00.000,,,,,,-0.8289637952559301,,,,,-0.2570281124497992,
2021-05-15T00:00:00.000,,-0.6564102564102564,,,-0.7082785808147174,,-0.5571227080394923,,,,,
2021-05-16T00:00:00.000,,,,,,-0.8614958448753463,,,,-0.21338155515370705,,
2021-05-17T00:00:00.000,,,,-0.7738853503184713,,,,,,-0.6114942528735632,,
2021-05-18T00:00:00.000,,,,,-0.42342342342342343,,,-0.9660062565172054,,,,
2021-05-19T00:00:00.000,,,,,,-0.7906786590351594,,,,,,
2021-05-20T00:00:00.000,,,-0.8875157100963552,,,,-0.9270191372040221,,,,,
2021-05-21T00:00:00.000,,,-0.6480446927374302,,,,,-0.6257668711656441,,-0.8461538461538461,,
2021-05-22T00:00:00.000,,,,,,-0.9691629955947136,,,,,,
2021-05-23T00:00:00.000,,,,,,,,,,,,
2021-05-24T00:00:00.000,-0.5856573705179282,-0.33835341365461846,,,,,,,,,,-0.24193548387096775
2021-05-25T00:00:00.000,-0.5793269230769231,,,,-0.9878449408672799,,,,-0.603202846975089,,-0.4525462962962963,
2021-05-26T00:00:00.000,,-0.4749620637329287,,-0.5810810810810811,,-0.28421052631578947,,,,,,-0.7458006718924972
2021-05-27T00:00:00.000,-0.42207792207792205,,,-0.5161290322580645,,,,,,,,
2021-05-28T00:00:00.000,,-0.46375,,,-0.5830618892508144,,,,,,,
2021-05-29T00:00:00.000,,-0.7132867132867133,-0.8302139037433155,,,,,,-0.9729241877256317,,,
2021-05-30T00:00:00.000,,,,,,,,,,,,
2021-05-31T00:00:00.000,-0.5796105383734249,,,,,,,-0.45796064400715564,,-0.7671176711767118,,
2021-06-01T00:00:00.000,,,,,,-0.7847730600292826,,-0.971947194719472,,,,
2021-06-02T00:00:00.000,,,-0.811377245508982,,,,,,,,,
2021-06-03T00:00:00.000,-0.3079019073569482,,,,,,,,,,,
2021-06-04T00:00:00.000,,,,,,,,,,,-0.6831938184159692,
2021-06-05T00:00:00.000,,,,,,,,,,,,
2021-06-06T00:00:00.000,,,,,,-0.8362248438584317,,,-0.8117647058823529,,,
2021-06-07T00:00:00.000,-0.9212598425196851,,,,,,,,,,,
2021-06-08T00:00:00.000,,,-0.8915187376725838,,,,-0.5090439276485788,,-0.23809523809523814,,-0.40040650406504064,-0.5641025641025641
2021-06-09T00:00:00.000,-0.7722772277227723,,,,,,,,,-0.8614130434782609,,
2021-06-10T00:00:00.000,,-0.5146341463414634,,,,,,,,,,
2021-06-11T00:00:00.000,,,,,,-0.9347826086956522,,-0.7346938775510203,,,,
2021-06-12T00:00:00.000,,,,,,,,,,,,
2021-06-13T00:00:00.000,,,,,,,,-0.2781065088757396,,,,
2021-06-14T00:00:00.000,-0.7595700052438386,,-0.8710900473933649,,,,,,,,,
2021-06-15T00:00:00.000,,-0.33668341708542715,,,,,,,,,,
2021-06-16T00:00:00.000,-0.3456924754634678,,,,,,,,,,,
2021-06-17T00:00:00.000,,,,,,,,-0.7809364548494984,,,-0.22587268993839837,-0.5613322502030869
2021-06-18T00:00:00.000,,-0.7917994476311876,,-0.5306986591390261,,,,,,,,
2021-06-19T00:00:00.000,,,,,-0.36571428571428577,,,,,,,
2021-06-20T00:00:00.000,,-0.8994708994708995,-0.8336933045356372,-0.806015037593985,,,-0.8333333333333334,-0.9658792650918635,-0.2754777070063694,,,
2021-06-21T00:00:00.000,,,,,,,,,,-0.5704545454545454,-0.32095490716180375,
2021-06-22T00:00:00.000,,,,,,,,,,,,
2021-06-23T00:00:00.000,,,,,,,-0.20345489443378117,-0.33806818181818177,,,,
2021-06-24T00:00:00.000,,,,,,,,-0.8712446351931331,,,-0.8337531486146096,
2021-06-25T00:00:00.000,,,,,,,,,,,,-0.2175066312997348
2021-06-26T00:00:00.000,,,,,,,,,-0.9605845881310895,,,
2021-06-27T00:00:00.000,,,,,,,,,,,,
2021-06-28T00:00:00.000,,,,,,,,,,,,
2021-06-29T00:00:00.000,,-0.8732795443758898,,,-0.6224328593996841,,,,,,,
2021-06-30T00:00:00.000,,,,,-0.9288702928870293,,,,,,-0.6162790697674418,-0.3915254237288136
2021-07-01T00:00:00.000,,-0.8913857677902621,,,,,,,,,,
2021-07-02T00:00:00.000,-0.8677165354330709,,-0.5712954333643989,-0.6434108527131783,-0.7046843177189409,,-0.3975903614457831,,,,,
2021-07-03T00:00:00.000,,,,,,,,,-0.8048780487804879,,,
2021-07-04T00:00:00.000,,,-0.9088729016786571,,,,,,,-0.7554112554112554,,
2021-07-05T00:00:00.000,,,,,,,,,,,,
2021-07-06T00:00:00.000,,,,,,-0.29600000000000004,,,,-0.5634218289085546,,
2021-07-07T00:00:00.000,,-0.3296146044624746,,,,,,,,,,
2021-07-08T00:00:00.000,,,,,,,,,-0.5590828924162258,,,
2021-07-09T00:00:00.000,,,-0.613953488372093,,,-0.9117983963344788,,,,,-0.3209169054441261,
2021-07-10T00:00:00.000,,,,,,-0.7337662337662338,,,,,-0.8860759493670887,
2021-07-11T00:00:00.000,-0.9401521216973578,,,,,,,,,,,
2021-07-12T00:00:00.000,,,,,,,-0.7656903765690377,,,,,-0.37202380952380953
2021-07-13T00:00:00.000,-0.3277591973244147,,,-0.9067055393586005,,,,,,,-0.993431855500821,
2021-07-14T00:00:00.000,,-0.8858267716535433,,,-0.36259541984732824,,,,,-0.9155701754385965,,
2021-07-15T00:00:00.000,,,,,,,,,,-0.33766233766233766,,
2021-07-16T00:00:00.000,,,,,,,-0.987123207491952,,,,,
2021-07-17T00:00:00.000,-0.36182336182336183,,,-0.7834464043419267,,,,,,,,
2021-07-18T00:00:00.000,,,,,,,,,,,,
2021-07-19T00:00:00.000,,,,,,,,,,,,
2021-07-20T00:00:00.000,,-0.9501965923984272,,,,,,,,,,
2021-07-21T00:00:00.000,,,,,,,,-0.48416289592760176,-0.36,,,
2021-07-22T00:00:00.000,,,,,-0.5626865671641791,,,,,,,-0.7859922178988327
2021-07-23T00:00:00.000,,,,,-0.2627986348122867,,,,,,,
2021-07-24T00:00:00.000,,,,,,,,,,,,
2021-07-25T00:00:00.000,,,,-0.45158371040723977,,,,,-0.9208333333333334,,,
2021-07-26T00:00:00.000,,,,,,,,-0.6984536082474226,,,,
2021-07-27T00:00:00.000,-0.7320872274143302,,-0.7638888888888888,,,,-0.6080645161290323,,,,,
2021-07-28T00:00:00.000,,,,-0.40594059405940597,,,,,,,,
2021-07-29T00:00:00.000,,,,-0.37222222222222223,,,,,,-0.9063004846526656,,
2021-07-30T00:00:00.000,,,,,,,,,,,-0.8523693803159174,
2021-07-31T00:00:00.000,,,,,,,,,,,,
2021-08-01T00:00:00.000,,,,,,,,-0.509765625,,,,
2021-08-02T00:00:00.000,,,,,,-0.9348268839103869,,,,-0.397887323943662,,
2021-08-03T00:00:00.000,,,-0.5236875800256082,,,,,,,,,
2021-08-04T00:00:00.000,,,,,,,,,,,-0.26726726726726724,
2021-08-05T00:00:00.000,-0.9521178637200737,,-0.503584229390681,-0.32863849765258213,,,-0.49907578558225507,,,,,
2021-08-06T00:00:00.000,-0.7692307692307692,-0.7431524547803617,,,-0.23163841807909602,,,,,,,
2021-08-07T00:00:00.000,,,,,,,,,-0.7697228144989339,,,-0.7241379310344828
2021-08-08T00:00:00.000,,-0.8063604240282686,,,,,,,,,,
2021-08-09T00:00:00.000,,,,,,,,,,,,
2021-08-10T00:00:00.000,,,,,,,,,,,-0.22540983606557374,
2021-08-11T00:00:00.000,,,,,,,-0.9352881698685541,,,-0.9270605397520059,,
2021-08-12T00:00:00.000,,,-0.853448275862069,,,,,,,,,
2021-08-13T00:00:00.000,,,,,,,,,,,,
2021-08-14T00:00:00.000,,,,,,-0.5980707395498392,,,,,,
2021-08-15T00:00:00.000,,,,,,,,,,,,
2021-08-16T00:00:00.000,-0.23537414965986392,,-0.6030245746691871,,-0.8368580060422961,,-0.883177570093458,-0.7058823529411764,,,-0.5723270440251572,
2021-08-17T00:00:00.000,,,,,,-0.9023861171366594,,,,,,
2021-08-18T00:00:00.000,,,,,,,,,,,,
2021-08-19T00:00:00.000,,-0.9074174336762317,,,,,,,-0.7989556135770235,,,-0.4833948339483395
2021-08-20T00:00:00.000,,,,,,,,,,-0.8516042780748663,,
2021-08-21T00:00:00.000,-0.791814946619217,,,,,,,,-0.7849462365591398,,,
2021-08-22T00:00:00.000,,,,,,,,,,-0.2552552552552553,,
2021-08-23T00:00:00.000,-0.8498845265588915,,,,,,,,,,,-0.6096491228070176
2021-08-24T00:00:00.000,,,,,-0.8455039227519614,,,,,,-0.9375600384245918,
2021-08-25T00:00:00.000,,-0.7971274685816876,,,-0.234375,,,,,,,
2021-08-26T00:00:00.000,,,,-0.2727272727272727,,,,,,,,-0.545045045045045
2021-08-27T00:00:00.000,,,,,,-0.7995594713656388,,,,-0.7810902896081772,,
2021-08-28T00:00:00.000,,,,,,,,,,,-0.35970744680851063,
2021-08-29T00:00:00.000,-0.8297872340425532,,,-0.8611111111111112,,,,-0.7546501328609388,-0.44306418219461696,,-0.5617860851505712,
2021-08-30T00:00:00.000,,,,,,-0.9508670520231214,,,,-0.8245614035087719,,
2021-08-31T00:00:00.000,,,,,,,,,,,,
2021-09-01T00:00:00.000,,,,,-0.9691283292978208,,-0.4723127035830619,,,,,
2021-09-02T00:00:00.000,,,-0.5185185185185186,-0.8382789317507419,,,,-0.45999999999999996,,,,
2021-09-03T00:00:00.000,,,,,,,,,,,,
2021-09-04T00:00:00.000,,,,,,,,,-0.9046534331272372,,,
2021-09-05T00:00:00.000,,-0.9449360865290068,,,,,,,,,,
2021-09-06T00:00:00.000,-0.2053191489361702,,,,,,,,,,,
2021-09-07T00:00:00.000,-0.9625167336010709,,-0.8868613138686131,,,,,,,,-0.4113821138211382,-0.9163763066202091
2021-09-08T00:00:00.000,,,,,,,,,-0.3726541554959786,,,
2021-09-09T00:00:00.000,,,,,,,,,,,,
2021-09-10T00:00:00.000,,,,,,,,-0.882486388384755,,-0.7008403361344537,,-0.8682432432432432
2021-09-11T00:00:00.000,,-0.9619736015084852,,,-0.2857142857142857,,,-0.20463320463320467,,,,
2021-09-12T00:00:00.000,,,,,,-0.528125,,,,,,
2021-09-13T00:00:00.000,,,,,,,,,,,,
2021-09-14T00:00:00.000,,,,,-0.9494949494949495,,-0.9356962025316455,,,-0.8171140939597316,,
2021-09-15T00:00:00.000,,,,,,-0.803347280334728,-0.5669291338582677,,,,,
2021-09-16T00:00:00.000,,,,,,,,,,,-0.9388135804004477,
2021-09-17T00:00:00.000,,,,,,,,-0.28431372549019607,,,,
2021-09-18T00:00:00.000,,,,,,,,,,-0.43157894736842106,,-0.8751793400286945
2021-09-19T00:00:00.000,,,,,,,,-0.2568493150684932,,,,
2021-09-20T00:00:00.000,,,,,,,,,,,,
2021-09-21T00:00:00.000,-0.6994535519125683,-0.7927797833935017,,-0.9287620611784028,-0.36623376623376624,,,,,,,
2021-09-22T00:00:00.000,,,,,,,,,-0.723159509202454,,,
2021-09-23T00:00:00.000,,,,,,,-0.4482071713147411,,,,,
2021-09-24T00:00:00.000,,-0.4577464788732394,,,,-0.8012508686587908,,,,,,-0.8290879211175021
2021-09-25T00:00:00.000,,,,,,,,-0.8706309577848388,-0.4681440443213296,,-0.7620915032679738,
2021-09-26T00:00:00.000,,,,-0.33752244165170553,-0.6335970785149118,,-0.6219158200290276,-0.5789473684210527,,-0.47619047619047616,,
2021-09-27T00:00:00.000,,,,,-0.7729789590254706,,,,,,,
2021-09-28T00:00:00.000,,,,,,,,,,,,
2021-09-29T00:00:00.000,-0.5979166666666667,,,,,,,,,,,-0.9065573770491804
2021-09-30T00:00:00.000,,,,-0.9151943462897526,,,,,,,,
2021-10-01T00:00:00.000,,,,,,,,,-0.4205378973105135,,,
2021-10-02T00:00:00.000,,,-0.90625,,,,,,,-0.6779891304347826,,
2021-10-03T00:00:00.000,-0.36094674556213013,-0.6587677725118484,,,,,,,,,,
2021-10-04T00:00:00.000,,,,,,,,,,,,
2021-10-05T00:00:00.000,,,,,,,-0.9366602687140115,,-0.23206751054852326,,-0.43965517241379315,
2021-10-06T00:00:00.000,,,-0.6615581098339719,,,,,,,,,
2021-10-07T00:00:00.000,-0.8246153846153846,,,-0.43509615384615385,,-0.752212389380531,,,,,,
2021-10-08T00:00:00.000,,-0.4122807017543859,,,-0.9345023207839093,,,,,,,-0.8747268754552076
2021-10-09T00:00:00.000,,,,,,,,,,,,-0.6976744186046512
2021-10-10T00:00:00.000,,,,,,,,,,,,
2021-10-11T00:00:00.000,,,,,,-0.6025492468134415,,,,,,
2021-10-12T00:00:00.000,,,,,,,,,,,,
2021-10-13T00:00:00.000,,,,-0.9908987485779295,-0.22368421052631582,,,,,,,-0.7890466531440162
2021-10-14T00:00:00.000,,,,,,,,,,,,
2021-10-15T00:00:00.000,,,,,-0.9598930481283422,,,-0.7774607703281027,,,,
2021-10-16T00:00:00.000,,,-0.2951541850220264,,,,,,,,,
2021-10-17T00:00:00.000,,,,,,-0.977233782129743,-0.9393939393939394,,,,,
2021-10-18T00:00:00.000,,,,,,,,-0.9159159159159159,-0.22802365898429533,,,-0.8623595505617978
2021-10-19T00:00:00.000,-0.5717092337917485,,,,,,,,,,,
2021-10-20T00:00:00.000,,,-0.52875,,,,,,-0.9516512549537649,,,
2021-10-22T00:00:00.000,,,,,,,,,,,,-0.49874371859296485
2021-10-23T00:00:00.000,,,,,,,,,-0.9016393442622951,,,
2021-10-24T00:00:00.000,,,,,,,,,,,,
2021-10-25T00:00:00.000,,,,,,,,,,,,
2021-10-26T00:00:00.000,-0.9313005143277002,,,,-0.9401955146635997,-0.47807933194154484,,,,,-0.2441471571906354,
2021-10-27T00:00:00.000,,,,,,,,,,,,
2021-10-28T00:00:00.000,-0.4866310160427807,,,,,,,,-0.38505747126436785,,,
2021-10-29T00:00:00.000,,,-0.7824474660074165,,,,,,,,,
2021-10-30T00:00:00.000,-0.9478617457527827,,,-0.9839506172839506,,,,-0.6675977653631284,,,,
2021-10-31T00:00:00.000,,,,,,,,,,,,
2021-11-01T00:00:00.000,-0.7493917274939172,-0.8395585738539898,,,,,,-0.7317487266553481,,-0.3901581722319859,,
2021-11-02T00:00:00.000,,-0.40740740740740744,-0.22301136363636365,,,,,,,,-0.9790712884238064,
2021-11-03T00:00:00.000,,,,,,,-0.42194092827004215,,,-0.6887608069164265,,-0.418546365914787
2021-11-04T00:00:00.000,,,,,,,-0.22262773722627738,-0.7224938875305624,,,,
2021-11-05T00:00:00.000,,,,-0.818276220145379,,,,,-0.8224815724815725,,,
2021-11-06T00:00:00.000,,,,,-0.8292682926829268,,,,,,,
2021-11-07T00:00:00.000,,,-0.2927536231884058,,,,,,,,,-0.7412060301507537
2021-11-08T00:00:00.000,,,,,,,,,,,-0.6808510638297872,
2021-11-09T00:00:00.000,,,-0.42951907131011613,,-0.9553072625698324,,,,,,,
2021-11-10T00:00:00.000,-0.6942257217847769,,,,,,-0.9489114976479598,,,-0.41721854304635764,,
2021-11-12T00:00:00.000,,,,,,,,,,,,
2021-11-13T00:00:00.000,-0.5087719298245614,,,,-0.45867768595041325,-0.45131729667812137,,,-0.6297828335056876,,,-0.38917861799217734
2021-11-14T00:00:00.000,,,,,,-0.6492693110647181,,,,-0.52,,
2021-11-15T00:00:00.000,,,,,,,,,,,,
2021-11-16T00:00:00.000,,,,,,,,,,,,
2021-11-17T00:00:00.000,,,,,,,,,,-0.8653846153846154,,
2021-11-18T00:00:00.000,,,,-0.5742857142857143,,,-0.6444058976582827,,,,,
2021-11-19T00:00:00.000,,,,,-0.5539906103286385,,,,,,,
2021-11-20T00:00:00.000,-0.30641330166270786,-0.5165289256198347,-0.4277215942891136,,,,,-0.4043062200956937,-0.26913875598086123,,,
2021-11-21T00:00:00.000,,,,,,,,,,,,
2021-11-22T00:00:00.000,,-0.9971416904859126,-0.6340956340956341,,,,-0.5051813471502591,,,,,
2021-11-23T00:00:00.000,-0.726027397260274,,,,,,,,,,-0.9351032448377581,
2021-11-24T00:00:00.000,-0.32499999999999996,,,,,,,,,,,
2021-11-25T00:00:00.000,,,,-0.34224182667358594,,,,,,,,
2021-11-26T00:00:00.000,,,,,-0.9664041994750656,,,,,,,
2021-11-27T00:00:00.000,,,,,,,,,,,,
2021-11-28T00:00:00.000,,,,-0.4201183431952663,,,,,,,,-0.680547466511357
2021-11-29T00:00:00.000,-0.7711267605633803,-0.5769230769230769,,,-0.665903890160183,,,,,-0.9092526690391459,,-0.8113035551504102
2021-11-30T00:00:00.000,,,,,,,,,-0.9314079422382672,,,
2021-12-01T00:00:00.000,,,,,,,-0.9699769053117783,,,,-0.849290780141844,
2021-12-02T00:00:00.000,,,,,,,,-0.38742138364779877,,,,
2021-12-03T00:00:00.000,,,,-0.7518796992481203,,,,,,,,
2021-12-04T00:00:00.000,,,-0.8765957446808511,,,,,,,-0.5027624309392265,,
2021-12-05T00:00:00.000,-0.8230500582072177,-0.9415204678362573,,,,,,-0.9609856262833676,,,,
2021-12-06T00:00:00.000,,,,,,,,,,,,
2021-12-07T00:00:00.000,,,,-0.6251808972503619,,,-0.5891472868217054,,,,,-0.8502415458937198
2021-12-08T00:00:00.000,,-0.804661487236404,,,,,,,-0.44414575866188766,,,
2021-12-09T00:00:00.000,,,-0.27283105022831056,,,,,-0.47406340057636887,-0.830736163353036,,,
2021-12-10T00:00:00.000,,,,,-0.8500635324015248,,,,,-0.5988023952095809,,
2021-12-11T00:00:00.000,,,,,,,,,,,,
2021-12-12T00:00:00.000,,,,,,,,,,,,
2021-12-13T00:00:00.000,,-0.48705882352941177,-0.8202676864244742,,,,,-0.8766519823788547,,,,
2021-12-14T00:00:00.000,,,,,,,,,,,-0.7718631178707225,-0.23802612481857766
2021-12-15T00:00:00.000,,,,,,,-0.9211218229623137,,,,,
2021-12-16T00:00:00.000,,-0.44594594594594594,,,,,,,,,,
2021-12-17T00:00:00.000,,-0.8466898954703833,,,,-0.6047904191616766,,,,,,
2021-12-18T00:00:00.000,,,,,,,,,,,,
2021-12-19T00:00:00.000,,,,,,,,,,,-0.7888888888888889,-0.685483870967742
2021-12-20T00:00:00.000,,,,,,,,,,,,
2021-12-21T00:00:00.000,,,,-0.8741761533852607,,,,,-0.975355969331873,,,
2021-12-22T00:00:00.000,,-0.5043478260869565,,,,,,,,,,-0.855225988700565
2021-12-23T00:00:00.000,,,,,,,,-0.8051744413955312,,,,
2021-12-24T00:00:00.000,-0.952397619880994,,,,,,,-0.35010060362173034,,,,
2021-12-25T00:00:00.000,,,-0.7846068660022149,,,,-0.33105802047781574,,,,,
2021-12-26T00:00:00.000,,,,,,,-0.326530612244898,,,,-0.8565840938722294,-0.3804878048780488
2021-12-27T00:00:00.000,,,,,,,,,,,,
2021-12-28T00:00:00.000,-0.36764705882352944,,,,,-0.4696969696969697,,,,,,
2021-12-29T00:00:00.000,,,,,,,,,,,,
2021-12-30T00:00:00.000,,-0.6479357798165137,,,,,,,,,,
2021-12-31T00:00:00.000,,,,-0.29527559055118113,-0.31777108433734935,,,,,,,-0.9363817097415507
2022-01-01T00:00:00.000,,,,,,,,-0.9806451612903225,,,,
2022-01-02T00:00:00.000,,,,-0.35754189944134074,,,,,,-0.489344262295082,,
2022-01-03T00:00:00.000,,-0.8032786885245902,,-0.27826086956521734,,,,,,,,
2022-01-04T00:00:00.000,,,,,,,-0.5711060948081264,,,,,
2022-01-05T00:00:00.000,,,,,,,,,,-0.9357945425361156,,
2022-01-06T00:00:00.000,,,,,,,,-0.5698924731182795,,,,
2022-01-07T00:00:00.000,,,-0.3188405797101449,,,,,,,,,
2022-01-08T00:00:00.000,-0.9422382671480144,,,,-0.9692118226600985,-0.31888246628131023,-0.30519480519480524,,,,,
2022-01-09T00:00:00.000,,,,,,,,-0.32727272727272727,-0.8723631508678238,,-0.8045977011494253,
2022-01-10T00:00:00.000,,,-0.6643598615916955,,,-0.9858557284299858,,,,,,
2022-01-11T00:00:00.000,,-0.7377049180327868,,,,,,,,,,
2022-01-12T00:00:00.000,,,,,,,,,,,-0.7514142049025769,
2022-01-13T00:00:00.000,-0.8612508986340762,,,,,,,,,,,-0.8029141104294478
2022-01-14T00:00:00.000,,,,,,,,,,,-0.8710493046776233,
2022-01-15T00:00:00.000,,,-0.9625,,,-0.9717881063527501,,,-0.9741219963031423,,,-0.6731517509727627
2022-01-16T00:00:00.000,,-0.9592727272727273,,-0.6829992576095025,-0.8306709265175719,,,,,,,
2022-01-17T00:00:00.000,,,-0.7450980392156863,,-0.6415094339622642,,,,,,,
2022-01-18T00:00:00.000,,,,,,,,,,,,
2022-01-19T00:00:00.000,,-0.4243697478991597,,,,,,,,,,
2022-01-20T00:00:00.000,,,,,,,-0.8914549653579676,,,,,
2022-01-21T00:00:00.000,,,,,,-0.9651072628586198,,,,-0.6333615580016935,,
2022-01-22T00:00:00.000,-0.7389830508474576,,,,,,,,-0.5487179487179488,-0.6789838337182448,-0.7415477084898572,
2022-01-23T00:00:00.000,,-0.5897435897435898,,-0.522982062780269,,,,,-0.33333333333333337,,,
2022-01-24T00:00:00.000,,,,-0.863689776733255,,,-0.44398907103825136,,,,,-0.3745819397993311
2022-01-25T00:00:00.000,,,-0.7934621099554235,,,-0.6317530319735392,,,-0.6193181818181819,-0.2302158273381295,,
2022-01-26T00:00:00.000,,,-0.3453237410071942,,-0.8367346938775511,,,,,,,-0.7794982966862806
2022-01-27T00:00:00.000,,-0.8442028985507246,,,,,-0.5698151950718686,,,,,
2022-01-28T00:00:00.000,,,,,,,,,,,,
2022-01-29T00:00:00.000,,-0.9580777096114519,,,,,,,,,,
2022-01-30T00:00:00.000,,,,-0.5,-0.8697478991596639,,,-0.6422764227642277,,,,-0.6811797752808989
2022-01-31T00:00:00.000,,,,,,,,,,-0.8784022622834924,,
2022-02-01T00:00:00.000,-0.6451612903225806,,,,,,,,,,-0.31950207468879666,
2022-02-02T00:00:00.000,,,,,,,,,,-0.4331395348837209,,
2022-02-03T00:00:00.000,,,,,,,,-0.9147286821705426,-0.8989677822959024,,,
2022-02-04T00:00:00.000,,,,,,-0.7287197231833911,-0.8660164271047228,,-0.9009287925696594,,,
2022-02-05T00:00:00.000,,,,,,,,,,,,-0.34466019417475724
2022-02-06T00:00:00.000,,,,,,,,,,-0.9252539912917271,,
2022-02-07T00:00:00.000,,,,,,,,,,,,
2022-02-08T00:00:00.000,,,-0.7676328502415459,,-0.9740561063066864,-0.8943179305770507,,,,,,
2022-02-09T00:00:00.000,,,,,,,,,,,-0.8168224299065421,-0.5736040609137056
2022-02-10T00:00:00.000,,,,,-0.8040816326530612,,,,-0.6217054263565891,,,
2022-02-11T00:00:00.000,-0.9530516431924883,,,,,,,,,-0.967741935483871,,
2022-02-12T00:00:00.000,,,-0.556135770234987,,,-0.9707112970711297,,,-0.917167381974249,,,
2022-02-13T00:00:00.000,,,,,,,,,,,,
2022-02-14T00:00:00.000,,-0.6316639741518578,,,,,,,,-0.39754098360655743,,
2022-02-15T00:00:00.000,,-0.4385964912280702,,-0.8809461918377957,,,,,,,,
2022-02-16T00:00:00.000,,,,,,,-0.4918032786885246,,,,-0.24489795918367352,
2022-02-17T00:00:00.000,,,,,-0.8667711598746082,,,-0.662536443148688,,,,
2022-02-18T00:00:00.000,,,,,,-0.6664145234493193,,,-0.879746835443038,,,
2022-02-19T00:00:00.000,,-0.43359375,,,,,-0.2995391705069125,,,,,-0.5473145780051151
2022-02-20T00:00:00.000,,,,,,,,,,-0.9744318181818182,,
2022-02-21T00:00:00.000,,-0.30487804878048785,,,,,,,-0.8596491228070176,,,
2022-02-22T00:00:00.000,,,,,,,,,,-0.9122023809523809,,
2022-02-23T00:00:00.000,,,-0.5133689839572193,-0.9502183406113537,-0.9120879120879121,,-0.7613207547169811,-0.6983333333333333,,,,
2022-02-24T00:00:00.000,,,,,,,,,,,-0.9114114114114114,
2022-02-25T00:00:00.000,,,,,,-0.9724473257698542,,,,,,
2022-02-26T00:00:00.000,,,,,,,,,,,,
2022-02-27T00:00:00.000,,,,,,,,,,,,-0.9628591450595655
2022-02-28T00:00:00.000,,,-0.5806451612903225,,,,,,,,,
2022-03-01T00:00:00.000,,,,,-0.45833333333333337,,,,,,-0.7113022113022114,
2022-03-02T00:00:00.000,,,,-0.7486910994764397,,,,,,,,
2022-03-03T00:00:00.000,,,,,,,-0.8439897698209718,,,,,
2022-03-04T00:00:00.000,,,,,,,,,,,,
2022-03-05T00:00:00.000,,,,,,,,-0.8229508196721311,,,,
2022-03-06T00:00:00.000,,,,-0.33333333333333337,-0.7215189873417722,,,,,,,-0.7062937062937062
2022-03-07T00:00:00.000,,,,,,,,,,,,
2022-03-08T00:00:00.000,-0.5824468085106382,,,,,,,,,,,
2022-03-09T00:00:00.000,,,,,,,,,,,,
2022-03-10T00:00:00.000,,,,,,,,,,,,
2022-03-11T00:00:00.000,-0.881104033970276,,,,-0.9262672811059908,,-0.3879003558718861,,,,,
2022-03-12T00:00:00.000,,,,,,-0.2702331961591221,,,,-0.33114035087719296,,
2022-03-13T00:00:00.000,-0.4821428571428571,-0.9045092838196287,,,,,,,-0.5930420711974109,,,
2022-03-14T00:00:00.000,,,,,,,,-0.5817941952506596,,,,
2022-03-15T00:00:00.000,,,,-0.40625,,,,,,-0.5311475409836066,,
2022-03-16T00:00:00.000,,,,,,,,,,,,
2022-03-17T00:00:00.000,,,-0.9317647058823529,,,,,,,,-0.466589861751152,
2022-03-18T00:00:00.000,,,,,,,,,,,,
2022-03-19T00:00:00.000,,,-0.9438444924406048,,,-0.28159645232815966,,,,,,
2022-03-20T00:00:00.000,,,,,,,,-0.9090533278214138,,,,
2022-03-21T00:00:00.000,,,,,,,,,,,-0.5972222222222222,
2022-03-22T00:00:00.000,-0.6109090909090908,,,-0.31496062992125984,,,,,,,,
2022-03-23T00:00:00.000,,,,,,,,,,,,
2022-03-24T00:00:00.000,,,,,,,,,-0.3013640238704177,,,
2022-03-25T00:00:00.000,,,-0.5323981295925184,,-0.71712158808933,,,,,,,
2022-03-26T00:00:00.000,,,,,,-0.6764705882352942,,,,,,
2022-03-27T00:00:00.000,,,,,,,,,,,,
2022-03-28T00:00:00.000,,-0.3830845771144279,,-0.31417624521072796,,,,,,,-0.27051282051282055,
2022-03-29T00:00:00.000,-0.7173913043478262,,,,,,,-0.43971631205673756,,-0.311046511627907,,
2022-03-30T00:00:00.000,,,,,,,-0.9052287581699346,,,,,
2022-03-31T00:00:00.000,,,,-0.29885057471264365,,,,,,,,-0.5292397660818713
2022-04-01T00:00:00.000,,,,,,,,,,-0.6518987341772151,,
2022-04-02T00:00:00.000,,,,,,,,,,,,
2022-04-03T00:00:00.000,-0.9823655913978495,,,,,-0.6066838046272494,-0.8401360544217686,,,,-0.8418277680140598,
2022-04-04T00:00:00.000,,,,,,,,,,,,
2022-04-05T00:00:00.000,,,,,-0.9179400113186191,,,,,-0.7818181818181819,,
2022-04-06T00:00:00.000,,-0.9128266033254157,-0.6791569086651054,-0.4221311475409836,-0.38620689655172413,,,,,,,
2022-04-07T00:00:00.000,,,,,,-0.8723849372384938,,-0.43327556325823224,,,,
2022-04-08T00:00:00.000,,,,,,,,,,,,
2022-04-09T00:00:00.000,,,,,,,,,,,,
2022-04-10T00:00:00.000,,-0.9547511312217195,,,,,,-0.9254437869822485,,,,
2022-04-11T00:00:00.000,,,-0.6009696969696969,,,,,,,,,-0.3868954758190327
2022-04-12T00:00:00.000,-0.9957657021877205,,,-0.548936170212766,,,,,,,,
2022-04-13T00:00:00.000,,,,-0.8559176672384219,,-0.855072463768116,-0.3754940711462451,-0.8475935828877006,,,-0.6831345826235093,
2022-04-14T00:00:00.000,,,,,,,,,,,,
2022-04-15T00:00:00.000,,,,,-0.21698930944813632,,,,,,,
2022-04-16T00:00:00.000,-0.3366141732283464,,,,,,,,,,,
2022-04-17T00:00:00.000,,,,,-0.6428044280442804,,,-0.7331812998859749,,,,
2022-04-18T00:00:00.000,,,,,,,-0.24683544303797467,,,,,-0.9306930693069306
2022-04-19T00:00:00.000,,,-0.8906439854191981,,-0.705685618729097,,,,,,,
2022-04-20T00:00:00.000,,-0.4890282131661442,,-0.8386130136986302,,,,,,,,
2022-04-21T00:00:00.000,,,,,,,,,,,,-0.7872340425531915
2022-04-22T00:00:00.000,-0.4287833827893175,,,,,,,,,,,
2022-04-23T00:00:00.000,-0.438961038961039,,,,-0.8984751203852328,,,,,,-0.8632911392405063,
2022-04-24T00:00:00.000,,,,,,,-0.8974763406940063,,,,,-0.9295352323838081
2022-04-25T00:00:00.000,,,,-0.9057873485868102,,,,-0.766966475878986,-0.7322670375521558,-0.97265625,,
2022-04-26T00:00:00.000,,,,,,,,,,,,
2022-04-27T00:00:00.000,,,,,,,,,-0.3246753246753247,,,-0.5238095238095238
2022-04-28T00:00:00.000,,,,,,,,,,,,
2022-04-29T00:00:00.000,,,-0.7225901398086829,-0.7814894269077536,,,,,,,,
2022-04-30T00:00:00.000,,,,,,,,,-0.823076923076923,,,
2022-05-01T00:00:00.000,,-0.8326370757180157,,,,,,,,,-0.330316742081448,
2022-05-02T00:00:00.000,,-0.5694227769110765,,,,,-0.9925080271138066,-0.8766859344894027,,-0.4258823529411765,,
2022-05-03T00:00:00.000,,,,-0.8303924150645247,,,,,,,,
2022-05-04T00:00:00.000,,,,,,,,,,,,
2022-05-05T00:00:00.000,,,,,-0.2154398563734291,,-0.24042879019908114,-0.3125,,,,
2022-05-06T00:00:00.000,,-0.30163043478260865,,-0.668141592920354,,-0.4683544303797469,,,-0.4256120527306968,-0.7745901639344263,,
2022-05-08T00:00:00.000,-0.9140983606557377,,,,-0.21722113502935425,,,,,,,-0.6136363636363636
2022-05-09T00:00:00.000,,,,-0.22999999999999998,,,,-0.7063829787234043,,,,
2022-05-10T00:00:00.000,,,,,,,,,,-0.36631330977620735,,
2022-05-11T00:00:00.000,,,,,-0.9866666666666667,-0.5166666666666666,,,,,,
2022-05-12T00:00:00.000,,,,,,,,,-0.7547169811320755,,,
2022-05-13T00:00:00.000,,-0.955026455026455,,,,,,,,-0.7843866171003717,,
2022-05-14T00:00:00.000,,,,,,,-0.6005788712011577,,,,-0.3329113924050633,-0.651394422310757
2022-05-15T00:00:00.000,,-0.9187047101449275,,,,,-0.46014492753623193,,-0.8204370939161252,,,
2022-05-16T00:00:00.000,,,-0.8932732055618189,,-0.782051282051282,,,,,,,
2022-05-17T00:00:00.000,,,,-0.8906408952187183,,-0.8005115089514067,,,,,,
2022-05-18T00:00:00.000,,,,,,,,-0.6081388142945672,,-0.49116997792494477,,
2022-05-19T00:00:00.000,,,-0.3890845070422535,,,,,-0.5361096468107538,,,,
2022-05-20T00:00:00.000,,,,,,,,,,,,
2022-05-21T00:00:00.000,,,,-0.6511627906976745,,,,,,-0.8976234003656307,,
2022-05-22T00:00:00.000,-0.8605341246290801,-0.9530726256983241,,-0.78,,-0.8859589812936669,,,,,-0.49398556535685645,
2022-05-23T00:00:00.000,,,,,-0.7473404255319149,,,,,,,
2022-05-24T00:00:00.000,,,,,,,,-0.3251461988304094,,,,
2022-05-25T00:00:00.000,,,,,,,-0.9077901430842608,-0.8405545927209706,,,,
2022-05-26T00:00:00.000,,,,,-0.3631578947368421,,,,,,,
2022-05-27T00:00:00.000,,,,,,,,,,,,
2022-05-28T00:00:00.000,,,,,,,,,-0.8953168044077136,,,
2022-05-29T00:00:00.000,,,,,,,,,,,-0.5499207606973059,
2022-05-30T00:00:00.000,-0.42937853107344637,,,,,,,,,,,
2022-05-31T00:00:00.000,,,,,,,,,-0.8586956521739131,,,
2022-06-01T00:00:00.000,-0.43234323432343236,,,,,,,,,,,
2022-06-02T00:00:00.000,,-0.7027027027027026,,,,,-0.5599430807541801,,,,,
2022-06-03T00:00:00.000,,,-0.24207492795389052,,,,,,,,,
2022-06-04T00:00:00.000,,,,,,,-0.30082291984151177,,,,,
2022-06-05T00:00:00.000,,,,,,,-0.8286835222319093,,,,-0.724537037037037,
2022-06-06T00:00:00.000,,,,-0.3879456706281834,,,,,,,,
2022-06-07T00:00:00.000,,,,,-0.7947214076246334,,,,,,,
2022-06-08T00:00:00.000,,-0.9801829268292683,,,,-0.3597497393117831,,,,-0.6798029556650247,,
2022-06-09T00:00:00.000,,,,,,,,,,,,
2022-06-10T00:00:00.000,-0.9616519174041298,,,,,-0.26058631921824105,,-0.7531428571428571,,,,
2022-06-11T00:00:00.000,,,,,,,,,,,-0.39534883720930236,
2022-06-12T00:00:00.000,,,,,,,,,,,,
2022-06-13T00:00:00.000,,,,,-0.7299919159256265,,,,,-0.20512820512820518,,-0.9622850804215197
2022-06-14T00:00:00.000,,,,,,,,-0.5080213903743316,,,,
2022-06-15T00:00:00.000,,,,,,,,,-0.6872082166199813,,,
2022-06-16T00:00:00.000,,,,,,,,,,,,-0.7554076539101497
2022-06-17T00:00:00.000,,,,,,,,,,,,-0.23129251700680276
2022-06-18T00:00:00.000,-0.37944664031620556,,-0.9533360622185837,,,,,,,,,
2022-06-19T00:00:00.000,,,,,,-0.5532110091743119,,,,-0.813780260707635,,
2022-06-20T00:00:00.000,-0.30573248407643316,-0.9217910447761194,,,-0.2746331236897275,,-0.3747412008281573,,,,,
2022-06-21T00:00:00.000,,,,,,,,-0.2119565217391305,-0.934006734006734,,-0.9193857965451055,
2022-06-22T00:00:00.000,-0.45871559633027525,,,,,,,,,,,
2022-06-23T00:00:00.000,,-0.26335877862595425,,,,,,-0.7793103448275862,,,,
2022-06-24T00:00:00.000,,,-0.7288220551378446,,-0.9190751445086706,,,,,,,
2022-06-25T00:00:00.000,,,,,,,,,-0.25531914893617025,-0.8307926829268293,,
2022-06-26T00:00:00.000,-0.9671842650103519,,,,,-0.5667351129363449,,,,,,
2022-06-27T00:00:00.000,,,-0.695067264573991,,,,-0.6598837209302326,,,,,
2022-06-28T00:00:00.000,,,,,,,-0.7008547008547008,,,,,
2022-06-29T00:00:00.000,,,,,,,,,-0.35408560311284043,,,
2022-06-30T00:00:00.000,,,,,,,,,-0.3373493975903614,,-0.2660550458715596,
2022-07-01T00:00:00.000,,,,,,,,,,,,
2022-07-02T00:00:00.000,,-0.8516075845012366,,,,,,,,,,-0.7625400213447172
2022-07-03T00:00:00.000,,,-0.29746401644962306,,,,,,,,,
2022-07-04T00:00:00.000,,,,,-0.7924850555081127,,,,,,,
2022-07-05T00:00:00.000,,,,,,-0.9466537342386033,,,,,,
2022-07-06T00:00:00.000,,,,-0.45988258317025443,-0.2510288065843621,,,,,,,
2022-07-07T00:00:00.000,-0.49561053471667993,,,,,,,,,,,
2022-07-08T00:00:00.000,,,-0.9560975609756097,-0.2668393782383419,,,,,,,,
2022-07-09T00:00:00.000,,,,,,,,-0.939870174239836,,,,-0.23151125401929262
2022-07-10T00:00:00.000,,,,,,,-0.6180738786279684,,,,-0.576138147566719,
2022-07-11T00:00:00.000,,,,-0.5685279187817258,,,,,,,,
2022-07-12T00:00:00.000,,,,,,-0.6655737704918032,,,,,,-0.5899581589958158
2022-07-13T00:00:00.000,,,,,,,,,,,,
2022-07-14T00:00:00.000,,,,,,,,,,,-0.8739946380697051,
2022-07-15T00:00:00.000,,,,,,,,-0.3138075313807531,-0.33223684210526316,,-0.5957446808510638,
2022-07-16T00:00:00.000,-0.833982138768033,,,,,,-0.5613126079447324,,,,,
2022-07-17T00:00:00.000,,-0.5553191489361702,,,,,,,,,,
2022-07-18T00:00:00.000,,,,,,-0.48081534772182255,,,,,,
2022-07-19T00:00:00.000,,,-0.5148514851485149,,,,-0.5255905511811023,,,,,
2022-07-20T00:00:00.000,,,,,,-0.7115869017632241,,,,-0.8465829846582984,,
2022-07-21T00:00:00.000,-0.9558620689655173,,,,,,,,,,,
2022-07-22T00:00:00.000,,-0.5303030303030303,,,,,,,,,,
2022-07-23T00:00:00.000,,-0.3978494623655914,,,,,,,,,,
2022-07-24T00:00:00.000,,,-0.8775510204081632,,-0.8915094339622641,,,-0.4065934065934066,,,-0.7491749174917492,
2022-07-25T00:00:00.000,,-0.6775912603250733,,,,,,,,,,
2022-07-26T00:00:00.000,,,,,,,,,,,,
2022-07-27T00:00:00.000,,-0.7338842975206612,,,,,,,,-0.23227383863080686,,
2022-07-28T00:00:00.000,-0.3539518900343642,,,,,-0.9301848049281314,,,,,,
2022-07-29T00:00:00.000,,,,,,,,,,,,
2022-07-30T00:00:00.000,,-0.922360248447205,,,,,,,-0.8861985472154964,,,-0.7271966527196653
2022-07-31T00:00:00.000,-0.5531914893617021,,-0.5,,-0.5706666666666667,-0.8762071992976295,,-0.8,,,,-0.6134969325153374
2022-08-01T00:00:00.000,,,,,,,-0.5296803652968036,,,,,
2022-08-02T00:00:00.000,,,,,,,,,,,,
2022-08-03T00:00:00.000,,,-0.8954423592493298,,,,,,,,,
2022-08-04T00:00:00.000,,,,,,,,,,-0.8468915343915344,,
2022-08-05T00:00:00.000,,,,,-0.7309941520467836,,,,,,,
2022-08-06T00:00:00.000,-0.21999999999999997,,-0.8179871520342612,,,,,,,-0.2311015118790497,,
2022-08-07T00:00:00.000,,,,,,,,-0.7697368421052632,,,-0.8392484342379958,
2022-08-08T00:00:00.000,,-0.4908424908424909,,,,-0.2649402390438247,,,,,,
2022-08-09T00:00:00.000,-0.8034188034188035,,,-0.7014446227929374,,,,,,,,-0.8560830860534124
2022-08-10T00:00:00.000,,,,,,,,,,-0.5561643835616439,,
2022-08-11T00:00:00.000,,,,,,,,-0.9221556886227544,-0.6016597510373445,-0.308641975308642,,-0.9278350515463918
2022-08-12T00:00:00.000,,,,,,,,,,,,
2022-08-13T00:00:00.000,,,,,,,-0.8699657804685443,,,,,
2022-08-14T00:00:00.000,,,,,,,,,,,,
2022-08-15T00:00:00.000,,-0.8968481375358166,,,-0.630718954248366,,,,,,-0.9656526005888125,
2022-08-16T00:00:00.000,,,-0.8927738927738927,-0.8150134048257373,,,,-0.7320987654320987,,,,
2022-08-17T00:00:00.000,,,,,,,,-0.21658986175115202,,,,
2022-08-18T00:00:00.000,,,,-0.7406015037593985,,,,,-0.6014536644457904,,,
2022-08-19T00:00:00.000,,,-0.7648953301127215,,-0.6057692307692308,,,,,,,
2022-08-20T00:00:00.000,,,,,,-0.4698795180722891,,,-0.67828418230563,,,
2022-08-21T00:00:00.000,,,,-0.23188405797101452,,,-0.48750000000000004,,,,,
2022-08-22T00:00:00.000,,,,,,,,,-0.9591836734693877,-0.9405553382870552,,
2022-08-23T00:00:00.000,,,,,,,,,,,-0.7739403453689168,
2022-08-24T00:00:00.000,,,,-0.820534223706177,,-0.43181818181818177,-0.3338926174496645,,,,,
2022-08-25T00:00:00.000,-0.38307349665924273,,,-0.2186046511627907,,,,,,,,
2022-08-26T00:00:00.000,-0.3971119133574007,-0.9184652278177458,,,,,,,,,,
2022-08-27T00:00:00.000,,,,,-0.772765246449457,,,-0.9437609841827768,,-0.7392405063291139,,
2022-08-28T00:00:00.000,,,,,,,,,-0.6728499156829679,,,
2022-08-29T00:00:00.000,,,,,-0.7728813559322034,,,,-0.365979381443299,,-0.751357220412595,
2022-08-30T00:00:00.000,,,,,,-0.8901564537157758,,,,,,
2022-08-31T00:00:00.000,,,,,,,,,,,-0.8207964601769911,-0.644808743169399
2022-09-01T00:00:00.000,,,,,,,,,-0.894327538883806,,-0.6062378167641326,
2022-09-02T00:00:00.000,,,,-0.36170212765957444,,,,,,,,
2022-09-04T00:00:00.000,,,,,-0.9435169727323317,,-0.5675675675675675,,,-0.7669902912621359,,-0.6475095785440613
2022-09-05T00:00:00.000,-0.7941176470588236,,,,,,,,,,,
2022-09-06T00:00:00.000,,,,,-0.30731707317073176,,,,,,,
2022-09-07T00:00:00.000,,-0.3705035971223022,,,,,,,,,-0.9075907590759076,
2022-09-08T00:00:00.000,-0.4521575984990619,,,,,-0.9545934530095037,,-0.5714285714285714,,,,-0.6996610169491526
2022-09-09T00:00:00.000,,,,,-0.7112676056338028,,-0.735781990521327,,-0.4173228346456693,,,
2022-09-10T00:00:00.000,,,,,,,,,,,,
2022-09-11T00:00:00.000,,,-0.7477797513321491,,,,-0.7408312958435208,-0.8353808353808354,,-0.3663101604278075,,
2022-09-12T00:00:00.000,,-0.5218508997429305,,,,,,,,,,
2022-09-13T00:00:00.000,,,,,,,,,,,,-0.6042136945071482
2022-09-14T00:00:00.000,,,-0.8541862652869238,-0.8512110726643598,-0.5143338954468804,,,,,,,
2022-09-15T00:00:00.000,,,,-0.4883720930232558,-0.42013888888888884,,-0.28301886792452835,-0.5970149253731343,-0.3502824858757062,,,-0.8916349809885932
2022-09-16T00:00:00.000,,,,,,,,,,-0.38743455497382195,,
2022-09-17T00:00:00.000,,,,,,,,,,,,
2022-09-18T00:00:00.000,,,,,,-0.6559714795008913,,-0.7305194805194806,,,,
2022-09-19T00:00:00.000,,,,,,,,,,,,
2022-09-20T00:00:00.000,-0.8085399449035813,-0.4119496855345912,,,,,,,,-0.9473684210526316,-0.7989130434782609,
2022-09-21T00:00:00.000,,,,,,,,,,,,
2022-09-22T00:00:00.000,,,,,,,,,-0.5839524517087666,,,
2022-09-23T00:00:00.000,,,-0.8587570621468926,,,,,,,,,
2022-09-24T00:00:00.000,,,,,,,-0.8228155339805825,,,,,-0.20967741935483875
2022-09-25T00:00:00.000,,,,-0.515370705244123,-0.8773448773448773,,,,-0.7984224364592463,,,-0.5374149659863945
2022-09-26T00:00:00.000,,-0.8545454545454545,,,,,,-0.9823922282938676,,,,
2022-09-27T00:00:00.000,,,,,-0.8922018348623854,,,,,,,
2022-09-28T00:00:00.000,,-0.3386837881219904,,,,,,,,,,
2022-09-30T00:00:00.000,,,,-0.620845921450151,,,,,-0.7870036101083032,,,
2022-10-01T00:00:00.000,,,,,,,,,,-0.8225806451612903,,
2022-10-02T00:00:00.000,-0.9701834862385321,,,-0.2589641434262948,,,,,,,,
2022-10-03T00:00:00.000,,,,,,,,,,,,-0.6322751322751323
2022-10-04T00:00:00.000,,-0.9247572815533981,,,-0.9245283018867925,-0.976897689768977,-0.8325358851674641,,-0.6120857699805069,,,
2022-10-05T00:00:00.000,,,,-0.6306638566912539,,,,,,,,
2022-10-06T00:00:00.000,,,,,,,,,,,-0.8174019607843137,
2022-10-07T00:00:00.000,,-0.21805792163543436,,,,,-0.7452561669829222,,,,,-0.7122302158273381
2022-10-08T00:00:00.000,-0.37264150943396224,,,,,,,,,,,
2022-10-09T00:00:00.000,,,,,-0.810580204778157,,,-0.9719188767550702,,,-0.9060402684563759,
2022-10-10T00:00:00.000,,,,,,,,,,,,
2022-10-11T00:00:00.000,-0.3270676691729323,,-0.6587155963302752,,,,,,,,,
2022-10-12T00:00:00.000,,-0.260759493670886,,,,,,-0.5848976109215017,-0.8733098177542622,,,
2022-10-13T00:00:00.000,,-0.7568493150684932,,,,,-0.4152700186219739,,,,,
2022-10-14T00:00:00.000,,,,,,-0.8502747252747253,,,,,,
2022-10-15T00:00:00.000,,,,,,,-0.7345679012345678,,,-0.7335640138408305,,
2022-10-16T00:00:00.000,-0.3944468929043632,,,,-0.8848186404035552,-0.6066536203522506,,,,,,
2022-10-17T00:00:00.000,-0.6251819505094613,,,,,,-0.897130242825607,,,,,
2022-10-18T00:00:00.000,-0.970873786407767,,,-0.713089802130898,,,,-0.24152106885919833,,,,
2022-10-19T00:00:00.000,,,,,,,,,,,,
2022-10-20T00:00:00.000,,-0.9391143911439115,,,,,,-0.23035230352303526,-0.5962877030162412,-0.636038186157518,-0.47959183673469385,
2022-10-21T00:00:00.000,,,,,,,,,,-0.28524590163934427,,
2022-10-23T00:00:00.000,-0.37788018433179726,,,,,,-0.8675827607745159,-0.7746478873239436,,,,
2022-10-24T00:00:00.000,,,,,-0.34718100890207715,,,,,,,
2022-10-25T00:00:00.000,,,,-0.30503978779840846,,-0.7512437810945274,,,-0.4729381443298969,,,
2022-10-26T00:00:00.000,,,,,,,,,,,,
2022-10-27T00:00:00.000,,,,,-0.44083526682134566,,,,-0.5745721271393642,-0.7071428571428571,,-0.3215211754537597
2022-10-28T00:00:00.000,,,-0.2301724137931035,,,,,,,,,
2022-10-29T00:00:00.000,,,,,,,,,,,,
2022-10-30T00:00:00.000,-0.766859344894027,-0.8153153153153153,-0.555431131019037,,,-0.8164383561643835,-0.24528301886792447,,,,,
2022-10-31T00:00:00.000,,,,,,,,,,,-0.6402877697841727,-0.7439490445859873
2022-11-01T00:00:00.000,,,,,,,,,,-0.4646924829157175,,
2022-11-02T00:00:00.000,,,,-0.6309090909090909,,-0.3388687078360145,,,,,,
2022-11-03T00:00:00.000,,,,,-0.988498789346247,,,,,,,
2022-11-04T00:00:00.000,,,-0.8528169014084507,,,,,,,,,-0.31343283582089554
2022-11-05T00:00:00.000,,-0.2857142857142857,,-0.5358056265984654,,-0.9167974882260597,-0.5375,,,,-0.43096234309623427,
2022-11-06T00:00:00.000,,,,-0.4752066115702479,,,,,,-0.22861842105263153,,
2022-11-07T00:00:00.000,,,,,,-0.731651376146789,,-0.7582697201017812,,-0.20895522388059706,,
2022-11-08T00:00:00.000,,,,-0.3691931540342298,-0.6283783783783784,,,-0.8526315789473684,-0.74020397208803,-0.3221024258760108,,
2022-11-09T00:00:00.000,,,,,,,,,,-0.463220675944334,-0.5808823529411764,
2022-11-10T00:00:00.000,,-0.6247987117552335,,,,,-0.4747474747474747,,,,,
2022-11-11T00:00:00.000,-0.9602145730889584,,,,,,,,,-0.8611111111111112,,
2022-11-12T00:00:00.000,,,,-0.8918918918918919,,,,,,,,
2022-11-13T00:00:00.000,,,,,,,,,,,,
2022-11-14T00:00:00.000,,,,,,-0.9359400998336107,-0.8041733547351525,,,,,
2022-11-15T00:00:00.000,,,-0.557840616966581,,-0.3625441696113074,,,,,-0.6923076923076923,,
2022-11-16T00:00:00.000,,-0.46808510638297873,-0.36046511627906974,,,,,,,,,
2022-11-17T00:00:00.000,,,,,,,,,,-0.7585858585858586,,
2022-11-18T00:00:00.000,-0.7216981132075472,-0.48235294117647054,,,,,,,,,-0.23414634146341462,-0.8743326488706366
2022-11-19T00:00:00.000,,,,,,,,,-0.3900990099009901,,,
2022-11-20T00:00:00.000,,-0.7712121212121212,,,,,,,,,,
2022-11-21T00:00:00.000,,,,,,,,,,-0.7982062780269058,,
2022-11-22T00:00:00.000,,,,,,,,,,,,
2022-11-23T00:00:00.000,,,-0.994001199760048,-0.9687676387582315,-0.8337028824833703,,-0.7387387387387387,-0.7696267696267696,,-0.5348837209302326,,-0.9855108055009824
2022-11-24T00:00:00.000,,,,,,,,-0.8044692737430168,,,,
2022-11-25T00:00:00.000,-0.4110169491525424,,,,-0.5024154589371981,,,,,,,
2022-11-26T00:00:00.000,,,,,,-0.7386363636363636,,,,,,
2022-11-27T00:00:00.000,,,,-0.8237410071942446,,,,,,,-0.848722545943523,-0.2920792079207921
2022-11-28T00:00:00.000,,,-0.4444444444444444,-0.8571428571428572,,,,,,,,
2022-11-29T00:00:00.000,-0.6755952380952381,,,,,,,-0.9557109557109558,,-0.55,,
2022-11-30T00:00:00.000,,,-0.9046913580246914,,,,-0.8260869565217391,,-0.9045454545454545,,,
2022-12-01T00:00:00.000,,,,,,,,,,-0.373015873015873,-0.484,
2022-12-02T00:00:00.000,,,,,,,,,,,,
2022-12-03T00:00:00.000,,-0.7071638039379975,,,,,-0.7232796486090776,,,,,
2022-12-04T00:00:00.000,,,,,-0.7798408488063661,,-0.40740740740740744,,,,,
2022-12-05T00:00:00.000,,,,,,,,-0.2432432432432432,,-0.8153153153153153,,
2022-12-06T00:00:00.000,,-0.8583690987124464,,,,,,,-0.6187290969899666,,-0.76749837977965,
2022-12-07T00:00:00.000,,,,,,,,,,-0.5928646379853095,,
2022-12-08T00:00:00.000,,-0.793010752688172,,,,,,,,,,
2022-12-09T00:00:00.000,-0.3701923076923077,,,,,,,,,,-0.2808362369337979,
2022-12-10T00:00:00.000,,,,,-0.8466257668711656,,,,,,,
2022-12-11T00:00:00.000,-0.20299251870324186,,,,,,-0.8965163934426229,,,,,
2022-12-12T00:00:00.000,-0.9161451814768461,,,,,,,,,-0.48945147679324896,,
2022-12-13T00:00:00.000,,,-0.560377358490566,,,-0.23630136986301364,,,-0.35917721518987344,,,
2022-12-14T00:00:00.000,,,,,,,,,-0.4506172839506173,,,
2022-12-15T00:00:00.000,-0.4850746268656716,,,,,,,,,,,
2022-12-16T00:00:00.000,,-0.6588628762541806,,,,,,,,,,
2022-12-17T00:00:00.000,,,,,,,-0.8832116788321168,,,,,
2022-12-18T00:00:00.000,,,,,,,,,,-0.779783393501805,-0.6696035242290749,
2022-12-19T00:00:00.000,,,,,,,,,,-0.8131147540983606,,
2022-12-20T00:00:00.000,,,,-0.8881737731295254,,-0.9122149328334895,,,,,,
2022-12-21T00:00:00.000,,,-0.846215139442231,,,,,,,-0.5654008438818565,,-0.4189473684210526
2022-12-22T00:00:00.000,,,,,-0.8926174496644296,,,-0.6814159292035398,-0.7850467289719626,,,
2022-12-23T00:00:00.000,-0.32258064516129037,,,-0.5874263261296659,,,,,,-0.8138006571741512,,-0.6521739130434783
2022-12-24T00:00:00.000,,,,,,,,,,,-0.9502617801047121,-0.6770833333333333
2022-12-25T00:00:00.000,,,,,,,-0.9313019390581717,,,-0.21238938053097345,,
2022-12-26T00:00:00.000,,,,,,,,,,,,
2022-12-27T00:00:00.000,,,,,,,,,,,,
2022-12-28T00:00:00.000,,,,,,,,,,,,
2022-12-29T00:00:00.000,,,,-0.7931034482758621,,-0.4096916299559471,,-0.6615384615384615,,,,
2022-12-30T00:00:00.000,,-0.7167919799498748,-0.5172413793103448,-0.8760683760683761,,,,,,,,
2022-12-31T00:00:00.000,,,,,,,,,,,,
2023-01-01T00:00:00.000,,,,,,,,,,,,
2023-01-02T00:00:00.000,,,-0.6208791208791209,,,,,-0.46785714285714286,,,,
2023-01-03T00:00:00.000,,,,,-0.4926829268292683,,,,,-0.9324009324009324,,-0.9495864513588027
2023-01-04T00:00:00.000,,,,,,,,,,,,
2023-01-05T00:00:00.000,,,,,,,,,,-0.8954070031832652,-0.23582089552238805,
2023-01-06T00:00:00.000,,,,,-0.3275862068965517,,,,,,,
2023-01-07T00:00:00.000,,-0.8556197245668592,,,,,,,,,,
2023-01-08T00:00:00.000,,,,,,,,,,,,
2023-01-09T00:00:00.000,-0.845890410958904,,,,,,,,,,,-0.625
2023-01-10T00:00:00.000,,,-0.6914498141263941,,,,,,,,,
2023-01-11T00:00:00.000,,-0.9278183292781833,,,,-0.7634408602150538,-0.847953216374269,-0.41530054644808745,,,,
2023-01-12T00:00:00.000,,,-0.603399433427762,,,,,,,-0.4434782608695652,-0.5594405594405594,
2023-01-13T00:00:00.000,,,,,,,,,-0.7949965253648367,-0.4765625,,-0.45833333333333337
2023-01-14T00:00:00.000,,,-0.43214285714285716,-0.5697674418604651,,,,,,,-0.7355750859763088,
2023-01-15T00:00:00.000,,,,,,,,,,,,
2023-01-16T00:00:00.000,,,,,,,,,,,,
2023-01-17T00:00:00.000,,,,,,-0.3175182481751825,,,,,-0.33670520231213874,
2023-01-18T00:00:00.000,,,,,,,,,-0.6372881355932203,,,
2023-01-19T00:00:00.000,,,-0.5660377358490566,,,,,,-0.7476635514018692,,,
2023-01-20T00:00:00.000,,,,-0.9421368547418968,,,,-0.6383169203222918,,-0.7530864197530864,,-0.9015784586815228
2023-01-21T00:00:00.000,,,,-0.6182572614107884,,,,-0.4554455445544554,,,,
2023-01-22T00:00:00.000,,,,,,,,,,-0.9527186761229315,,
2023-01-23T00:00:00.000,-0.6504297994269341,,,,-0.931765253842571,,-0.7321225879682179,-0.7242424242424242,,,,
2023-01-24T00:00:00.000,,-0.7553324968632371,,-0.721820809248555,,-0.9256737588652483,,,,,,
2023-01-25T00:00:00.000,,,,,,,,,,,,
2023-01-26T00:00:00.000,-0.6774941995359629,,,,,-0.8869323447636701,-0.43027522935779816,,,,,-0.9637476459510358
2023-01-27T00:00:00.000,,,-0.538896746817539,,,,,,,,,
2023-01-28T00:00:00.000,,,,-0.8833819241982508,,,,-0.8355814801312431,,,,
2023-01-29T00:00:00.000,,,,,,,,-0.6075388026607539,,,,
2023-01-30T00:00:00.000,,,,,,,,,,,,
2023-01-31T00:00:00.000,,-0.8566308243727598,,,,-0.42031872509960155,,,,,,
2023-02-01T00:00:00.000,-0.5678733031674208,,,,-0.44609665427509293,,,,,,,
2023-02-02T00:00:00.000,,,,,,,,,,,,
2023-02-03T00:00:00.000,-0.8115183246073299,,,,,,,,,,,
2023-02-04T00:00:00.000,,,,,,-0.37628865979381443,,,,,-0.7556154537286612,
2023-02-05T00:00:00.000,,,,-0.856353591160221,,,,,,,,-0.5992691839220463
2023-02-06T00:00:00.000,-0.549618320610687,,,,,,-0.8523943661971831,,,-0.7425149700598803,,
2023-02-07T00:00:00.000,,,,,,,,,,,,
2023-02-08T00:00:00.000,,,,,-0.4466800804828974,,,-0.3533834586466166,,,,-0.7487179487179487
2023-02-09T00:00:00.000,,,,-0.8722195929957406,,,,-0.9582763337893296,,,,
2023-02-10T00:00:00.000,-0.3372434017595308,,-0.7397078353253652,-0.8074074074074074,,,,,-0.7629704984740591,,,
2023-02-11T00:00:00.000,,,-0.3214285714285714,,,,,,,-0.8976269315673289,,
2023-02-12T00:00:00.000,-0.9115138592750534,,,,,-0.9173553719008265,,,-0.4185714285714286,,,
2023-02-13T00:00:00.000,,,,,,,,,,,,
2023-02-14T00:00:00.000,,-0.8847583643122676,,,,,,,-0.24078624078624078,,,
2023-02-15T00:00:00.000,,,-0.9323308270676691,-0.5133587786259541,-0.44545454545454544,,-0.8185279187817259,-0.8111533586818758,,,,
2023-02-16T00:00:00.000,,,,,,,,,,,,
2023-02-17T00:00:00.000,,,,,,,,,-0.39524517087667166,,,
2023-02-18T00:00:00.000,-0.6527680448493343,,,,,,,,,,-0.6519216823785352,
2023-02-19T00:00:00.000,,,,,,,,,,,,-0.544973544973545
2023-02-20T00:00:00.000,,,,,-0.8503401360544218,,,,-0.5082417582417582,-0.875,,
2023-02-21T00:00:00.000,,,,,,,,,,,,
2023-02-22T00:00:00.000,,,,,,,,,,,-0.7775735294117647,
2023-02-23T00:00:00.000,,,,-0.9246031746031746,,,,-0.6310160427807487,,,,
2023-02-24T00:00:00.000,,-0.7163636363636363,,,,-0.5,-0.8671328671328671,,,,,
2023-02-25T00:00:00.000,,,-0.9951272333513806,,,,,,,,,
2023-02-26T00:00:00.000,,-0.2692307692307693,,,,,,,,,,
2023-02-27T00:00:00.000,,,,,-0.5919885550786839,,,,-0.396875,,,
2023-02-28T00:00:00.000,-0.5958762886597938,,,,,-0.5388739946380697,,,,,,
2023-03-01T00:00:00.000,,,,-0.4516129032258065,,,,,,,,
2023-03-02T00:00:00.000,,,,,,,,-0.3021907216494846,,,,
2023-03-03T00:00:00.000,-0.45107033639143734,,,,,,-0.3790697674418605,-0.27423822714681445,-0.23834196891191706,,,
2023-03-04T00:00:00.000,-0.7061281337047354,,,,-0.9074074074074074,,,,,,,
2023-03-05T00:00:00.000,,,,,,,,-0.8826086956521739,,-0.6666666666666667,,
2023-03-06T00:00:00.000,,,-0.777503700049334,,,,,,,,,-0.5156494522691706
2023-03-07T00:00:00.000,,,,,-0.247557003257329,,,,,,,
2023-03-08T00:00:00.000,,,,,,,,,,-0.6317991631799162,,
2023-03-09T00:00:00.000,,,-0.7755834829443446,,,,,,,,,
2023-03-10T00:00:00.000,,,,,,,,,-0.9579506021637069,,,
2023-03-11T00:00:00.000,,,-0.9946808510638298,,,,,,,,,
2023-03-12T00:00:00.000,,-0.9822616407982262,,-0.9830556340016945,-0.9043250327653998,,,,,,,-0.7285945072697899
2023-03-13T00:00:00.000,-0.9613930034667507,,,,,,-0.5882352941176471,,-0.9332581736189403,,,
2023-03-14T00:00:00.000,,,,,,,,,,,,
2023-03-15T00:00:00.000,-0.5346938775510204,,,,,-0.30494505494505497,-0.6710526315789473,,,,,-0.7556935817805384
2023-03-16T00:00:00.000,,,,,,,,,,,-0.8976466193500187,
2023-03-17T00:00:00.000,,-0.9741879350348028,,,,-0.4054982817869416,,,-0.30067567567567566,-0.6510695187165776,,
2023-03-18T00:00:00.000,,,,,,,,,,,,
2023-03-19T00:00:00.000,-0.4231805929919138,,,,,,-0.38129496402877694,,,,,
2023-03-20T00:00:00.000,,,,,,,,-0.9862068965517241,,,-0.2919463087248322,
2023-03-21T00:00:00.000,,,-0.9146341463414634,-0.723373691770983,,,,,,,,
2023-03-22T00:00:00.000,-0.9455811928602526,,,,,-0.5879917184265011,,,,,,
2023-03-23T00:00:00.000,,-0.33717579250720464,,,,,,,,,,
2023-03-24T00:00:00.000,,,,,,,-0.8291636883488206,,,,,
2023-03-25T00:00:00.000,,,,-0.8308605341246291,,,,,,,,
2023-03-26T00:00:00.000,,-0.24685138539042817,,,,,,,-0.6930000000000001,,,
2023-03-27T00:00:00.000,,,,,,-0.5950726468730259,,,,,,
2023-03-28T00:00:00.000,,,,,,-0.7113884555382215,,,,,,
2023-03-29T00:00:00.000,,,,,,,-0.8192090395480226,,,-0.6846372111876773,-0.9175777964676198,
2023-03-30T00:00:00.000,,,,-0.6050955414012739,,,,,,-0.6439588688946015,,-0.44339152119700753
2023-03-31T00:00:00.000,,,,,,,,-0.6849015317286652,,,,
2023-04-01T00:00:00.000,,,,,,,,,,,,-0.4605734767025089
2023-04-02T00:00:00.000,,-0.660958904109589,,,,-0.8758169934640523,,,,-0.3913043478260869,,
2023-04-03T00:00:00.000,,,,,,,,,,,,
2023-04-04T00:00:00.000,,,,,,,,,,,,
2023-04-05T00:00:00.000,,,,,,,,-0.3563025210084033,-0.7595797280593325,,,-0.24584717607973416
2023-04-06T00:00:00.000,,,,-0.8850331125827815,-0.3726708074534162,,,,,,,
2023-04-07T00:00:00.000,,,-0.567550894509562,,,,-0.46641791044776115,,,,,
2023-04-08T00:00:00.000,,,,,,,,,,,,-0.2070484581497798
2023-04-09T00:00:00.000,,,,,,-0.8556085918854415,,,,,,
2023-04-10T00:00:00.000,,-0.654627539503386,-0.6861626248216833,,,-0.8264462809917356,,,-0.9142857142857143,,,
2023-04-11T00:00:00.000,,-0.2222222222222222,,,,,,,,,,-0.3942731277533039
2023-04-12T00:00:00.000,,,,-0.5960591133004927,,,,-0.5718015665796345,,-0.9143932267168391,-0.4842931937172775,
2023-04-13T00:00:00.000,,,-0.8012078510317061,,,-0.36931818181818177,,,,,,
2023-04-14T00:00:00.000,,,,,,,,,-0.8042168674698795,,,
2023-04-15T00:00:00.000,,,,,,,-0.4078125,,,,,
2023-04-16T00:00:00.000,,,,,-0.9331775700934579,,,,,,,-0.9575757575757575
2023-04-17T00:00:00.000,,,,,,,-0.8397097625329815,,,,,
2023-04-18T00:00:00.000,,,,,,-0.9251851851851852,,,-0.8237547892720307,,,
2023-04-19T00:00:00.000,,,,,,,,,,,-0.6533742331288344,
2023-04-20T00:00:00.000,,,,,,,,,,,,
2023-04-21T00:00:00.000,,,-0.3468085106382979,,,,,,,,,
2023-04-22T00:00:00.000,,,,,,,,,,-0.683599419448476,,-0.8309971966359632
2023-04-23T00:00:00.000,,,,,,,-0.384446878422782,,,-0.7981651376146789,,
2023-04-24T00:00:00.000,-0.3194444444444444,,,,,,,,,,,
2023-04-25T00:00:00.000,,,,,,-0.6540362438220757,,-0.7632135306553911,,,,
2023-04-26T00:00:00.000,,,-0.6586826347305389,,,,,,,,,
2023-04-27T00:00:00.000,,,,,,,,,,,,
2023-04-28T00:00:00.000,,-0.5806451612903225,,,,,-0.984744469870328,,,,,
2023-04-29T00:00:00.000,,,,,,,,,,,-0.8878318584070797,
2023-04-30T00:00:00.000,,,,,,,,,-0.874859075535513,,,
2023-05-01T00:00:00.000,,,,,,,,,,,,
2023-05-02T00:00:00.000,,-0.5897435897435898,,,,,,,,,-0.6765285996055227,
2023-05-03T00:00:00.000,,,,,-0.3291139240506329,,,,,,,-0.5697786333012512
2023-05-04T00:00:00.000,,,,-0.41975308641975306,,,,,,,,
2023-05-06T00:00:00.000,,,,-0.5938104448742747,,,,,,,,
2023-05-07T00:00:00.000,,,-0.7693474962063733,,,-0.6690856313497823,,,,-0.6717171717171717,,
2023-05-08T00:00:00.000,,-0.6442953020134228,,,,,,,,,,
2023-05-09T00:00:00.000,-0.8553076402974983,,,,,,,,,,,
2023-05-10T00:00:00.000,,-0.9180124223602485,,,,,,,,,,
2023-05-11T00:00:00.000,,,,,,,,,,,,-0.7287340924313463
2023-05-12T00:00:00.000,,,,,,,,,,,,-0.3555555555555555
2023-05-13T00:00:00.000,-0.24922118380062308,,-0.7391304347826086,,,-0.8672006745362564,,,,,-0.6936813186813187,-0.7624521072796935
2023-05-14T00:00:00.000,,,,,,,,,,,,
2023-05-15T00:00:00.000,-0.8443983402489627,-0.91324200913242,,,,,,,-0.7184873949579832,-0.9499516441005803,,
2023-05-16T00:00:00.000,,,,,,,-0.4610778443113772,,,,,
2023-05-17T00:00:00.000,,,-0.8201892744479495,,,,,,,,,
2023-05-18T00:00:00.000,,-0.7142857142857143,,-0.6460905349794239,,,,,,,-0.8784722222222222,
2023-05-19T00:00:00.000,,,,,,,,,,,,
2023-05-20T00:00:00.000,-0.5582010582010581,,,,,,,-0.44266055045871555,,,,
2023-05-21T00:00:00.000,,,,,,,,,,,,
2023-05-22T00:00:00.000,,-0.6721991701244814,,,,,,,,,-0.5540540540540541,-0.2784313725490196
2023-05-23T00:00:00.000,-0.8262820512820512,,,,-0.32349323493234927,,,,-0.2857730263157895,,,
2023-05-24T00:00:00.000,,,,,,,,,-0.6062176165803108,,,
2023-05-25T00:00:00.000,,,,,-0.6780383795309168,-0.2554347826086957,-0.5166666666666666,,,,,
2023-05-26T00:00:00.000,,,,,,,,,,,,-0.5502717391304348
2023-05-27T00:00:00.000,,,,-0.672686230248307,,,,-0.9298245614035088,,,,
2023-05-28T00:00:00.000,,,,,,,,,,,,-0.24471299093655585
2023-05-29T00:00:00.000,,,,,,,,,,,,
2023-05-30T00:00:00.000,,-0.6254734848484849,,,,,,,-0.24354243542435428,-0.9146179401993355,,
2023-05-31T00:00:00.000,,,,,,-0.7764434180138569,,,,,,
2023-06-01T00:00:00.000,,-0.7800252844500632,,,,,,,,,,
2023-06-02T00:00:00.000,,,,,,-0.8037190082644627,,,,,-0.38908829863603733,
2023-06-03T00:00:00.000,-0.6597077244258873,-0.7973684210526316,,,-0.646229739252995,,-0.46278755074424893,-0.8934850051706308,,,-0.9670975323149236,
2023-06-04T00:00:00.000,,,,,,,,,,,,
2023-06-05T00:00:00.000,-0.3742331288343558,,,,,,-0.4231738035264484,,,,,
2023-06-06T00:00:00.000,,,,,-0.8523364485981308,,,,,,,
2023-06-07T00:00:00.000,,,-0.9201623815967523,,-0.7383966244725738,,,,,-0.7216916780354707,,
2023-06-08T00:00:00.000,,,,,,,,-0.8490294751976994,,,,
2023-06-09T00:00:00.000,,,,,,,,,-0.879489225857941,,,
2023-06-10T00:00:00.000,,,,,-0.24193548387096775,,,,,,,
2023-06-11T00:00:00.000,,,,,,,,,,,,
2023-06-12T00:00:00.000,,,,,-0.22404371584699456,,,,,,,-0.7967611336032389
2023-06-13T00:00:00.000,,,,,,,,-0.6196078431372549,,,,
2023-06-14T00:00:00.000,-0.653061224489796,,,-0.39213197969543145,,,,,,-0.5564784053156147,,
2023-06-15T00:00:00.000,,,,,,-0.36467236467236464,,,,-0.4438202247191011,,
2023-06-16T00:00:00.000,,,,,,,,,-0.3756476683937824,-0.6296296296296297,,
2023-06-17T00:00:00.000,,,-0.7276785714285714,-0.817687074829932,,,,,,,-0.8953712632594021,
2023-06-18T00:00:00.000,-0.4776119402985075,-0.31996512641673935,,,,,,,,,,
2023-06-19T00:00:00.000,,-0.6641025641025642,,,-0.23239436619718312,,,,,,,
2023-06-20T00:00:00.000,,,,,,-0.9557680812910938,,,-0.4426229508196722,,-0.6461232604373757,-0.4666666666666667
2023-06-21T00:00:00.000,,,,-0.9220103986135182,,,,,,,,
2023-06-22T00:00:00.000,,,,,,,,,,,,
2023-06-23T00:00:00.000,-0.9290505675954592,,,,,,,,,,,
2023-06-24T00:00:00.000,,,,,,,,,,-0.7425149700598803,,-0.796875
2023-06-25T00:00:00.000,,,,,-0.7978723404255319,,-0.3282442748091603,,,,,
2023-06-26T00:00:00.000,,,,,,,,-0.2038834951456311,-0.6514522821576764,,-0.5730337078651686,
2023-06-27T00:00:00.000,-0.74487895716946,,,,,,,,,,,
2023-06-28T00:00:00.000,,,,-0.28273809523809523,,,,,,,,
2023-06-29T00:00:00.000,,,,,,-0.6646706586826348,-0.4561855670103093,,,,,
2023-06-30T00:00:00.000,,,,,,,,,,,,
2023-07-01T00:00:00.000,,-0.4961832061068703,,,,,,,,,-0.6703786191536749,
2023-07-02T00:00:00.000,,,,,-0.6916724019270475,,,,,-0.8023465703971119,,-0.2227979274611399
2023-07-03T00:00:00.000,,,,,,,-0.46099290780141844,-0.7518248175182481,,,,
2023-07-04T00:00:00.000,,,,,-0.8772321428571429,,,,,,,
2023-07-05T00:00:00.000,,,,-0.833984375,,,,,,,,
2023-07-06T00:00:00.000,,-0.47424242424242424,-0.8223495702005731,,,-0.7053571428571428,,,,-0.5012658227848101,,
2023-07-07T00:00:00.000,,,,,,,,-0.7316176470588236,,,,
2023-07-08T00:00:00.000,-0.38235294117647056,,,,-0.510989010989011,,,,,,,
2023-07-09T00:00:00.000,,,-0.5304347826086957,,-0.9157303370786517,,,,,,,-0.2547528517110266
2023-07-10T00:00:00.000,-0.34013605442176875,,,-0.5504587155963303,,,,,,,,
2023-07-11T00:00:00.000,,,,-0.8520408163265306,,,,,,,-0.2178217821782178,
2023-07-12T00:00:00.000,,,,,,,,-0.8356164383561644,,,,
2023-07-13T00:00:00.000,,,,,,,-0.3798586572438163,,,,,
2023-07-14T00:00:00.000,,-0.5997012696041822,-0.5814814814814815,,,,,,,-0.8009950248756219,-0.7278688524590164,
2023-07-15T00:00:00.000,,-0.9738805970149254,,,,,,,,,,
2023-07-16T00:00:00.000,,,,,,,,,,,,-0.961352657004831
2023-07-17T00:00:00.000,,,,-0.39724849527085127,,,,,,,,
2023-07-18T00:00:00.000,,,-0.8146551724137931,,-0.45883644346871566,,,,-0.5954415954415955,,,
2023-07-19T00:00:00.000,,,,,,,,,,,-0.9858870967741935,
2023-07-20T00:00:00.000,-0.6156521739130435,-0.634352731591449,,,,,,,,-0.7428571428571429,,-0.330477908025248
2023-07-21T00:00:00.000,,,,-0.5242510699001426,,-0.8485237483953787,,-0.6276595744680851,,,,
2023-07-22T00:00:00.000,,,,-0.6169415292353824,,,,,,,,-0.4363636363636364
2023-07-23T00:00:00.000,-0.2036199095022625,-0.9013398294762485,-0.7233560090702948,-0.6086105675146771,,,,,,,,
2023-07-24T00:00:00.000,,,,,,,,,,,-0.9325912183055041,
2023-07-25T00:00:00.000,,,,,,,,,,,,
2023-07-26T00:00:00.000,,,,,,,,-0.6742857142857143,,,,
2023-07-27T00:00:00.000,,,,,,,,,,,,-0.3497536945812808
2023-07-28T00:00:00.000,,,,,,-0.9162717219589258,,,,,,
2023-07-29T00:00:00.000,-0.8240866035182679,,,,,,,-0.8880121396054628,,,,
2023-07-30T00:00:00.000,,,,,,-0.5698587127158556,,,,,,
2023-07-31T00:00:00.000,-0.6834838024429102,,,,,-0.2956204379562044,,,-0.5709090909090909,,,
2023-08-01T00:00:00.000,,,-0.6858108108108107,,,,,,,,,
2023-08-02T00:00:00.000,,,,-0.8114143920595533,,,,,,,,
2023-08-03T00:00:00.000,,,,-0.3464912280701754,,-0.8666467780429594,,,,-0.7802850356294537,,
2023-08-04T00:00:00.000,,-0.9512055109070034,,,,,,,,,,
2023-08-05T00:00:00.000,,,,,,,-0.7980295566502463,,,-0.6216216216216216,-0.7326732673267327,
2023-08-06T00:00:00.000,,,,,,,,,,,,-0.8858259617362683
2023-08-07T00:00:00.000,,-0.9084507042253521,,-0.7206375838926175,,-0.3825503355704698,,-0.6353383458646616,,,,-0.6792792792792792
2023-08-08T00:00:00.000,,,,,,,-0.49593495934959353,-0.5463917525773196,,,-0.2581648522550545,
2023-08-09T00:00:00.000,,,,,,,,,,-0.2781512605042017,,
2023-08-10T00:00:00.000,-0.446969696969697,,-0.44756554307116103,,,-0.48355263157894735,,,,,-0.667086481947943,
2023-08-11T00:00:00.000,-0.5671232876712329,,,,,-0.5668789808917197,-0.7453703703703703,,,,,
2023-08-12T00:00:00.000,,,,,,,,,,,,
2023-08-13T00:00:00.000,,,,,-0.5306122448979591,,,,,,,
2023-08-14T00:00:00.000,,,-0.6956521739130435,-0.526578073089701,,,,,-0.43113772455089816,,-0.49054224464060525,-0.7375
2023-08-15T00:00:00.000,,,,,,,,,,,,-0.48571428571428577
2023-08-16T00:00:00.000,,,,,,,,,,,,
2023-08-17T00:00:00.000,,,,,,,-0.7222222222222222,,,,-0.6944801026957639,
2023-08-18T00:00:00.000,,-0.7945278969957081,,-0.9936251593710157,,,,,,,-0.22478991596638653,
2023-08-19T00:00:00.000,-0.5053003533568905,,,,,-0.7553191489361702,,,,,,
2023-08-20T00:00:00.000,,,-0.9393939393939394,,,,,-0.9293078055964654,,-0.8990521327014218,,
2023-08-21T00:00:00.000,,,,,,,,,,,,
2023-08-22T00:00:00.000,-0.8,-0.8572664359861591,,,,,,-0.38528678304239405,,,,
2023-08-23T00:00:00.000,,,,,,,-0.7949640287769784,-0.7200811359026369,,,,
2023-08-24T00:00:00.000,,,,,-0.5567651632970452,,,,,-0.42488262910798125,,
2023-08-25T00:00:00.000,,,,,,,,,,,-0.6895385358782314,-0.4819277108433735
2023-08-26T00:00:00.000,,-0.6738816738816739,,-0.768888888888889,,-0.7168693483005925,,,,,-0.9673151750972763,
2023-08-27T00:00:00.000,,,,,,,,,,,,
2023-08-28T00:00:00.000,,,,,,,,,-0.9608394888029077,,,
2023-08-29T00:00:00.000,,,-0.9002732240437159,,,,,-0.27184466019417475,,,,
2023-08-30T00:00:00.000,-0.3553803103535996,,,,,-0.4246880570409982,,,,,,
2023-08-31T00:00:00.000,-0.691002367797948,,,-0.6389380530973452,-0.8215811965811965,,,,,,,
2023-09-01T00:00:00.000,,-0.36489151873767256,-0.42070773263433814,,,,-0.9712643678160919,,,,-0.2548028311425683,-0.6446078431372548
2023-09-02T00:00:00.000,-0.45764154959557257,,,,,,,-0.8436830835117773,-0.6153846153846154,-0.8973398276508056,,
2023-09-03T00:00:00.000,,,-0.7058823529411764,-0.3970588235294118,,,,,,,,-0.2300469483568075
2023-09-04T00:00:00.000,,,,,,,,,,,-0.8656716417910448,-0.75
2023-09-05T00:00:00.000,,,,,,,,,,,,
2023-09-06T00:00:00.000,,-0.3325635103926097,,-0.3808553971486762,-0.43333333333333335,,,-0.9846938775510204,,,,
2023-09-07T00:00:00.000,,,-0.5572916666666667,-0.4736842105263158,,,,,,,,
2023-09-08T00:00:00.000,,,,,,-0.6296296296296297,-0.9424460431654677,,,,-0.7171717171717171,
2023-09-09T00:00:00.000,,,,,,,,,-0.9786871270247229,,,
2023-09-10T00:00:00.000,,-0.7951219512195122,,,,,,,,,,
2023-09-11T00:00:00.000,,,,,,,,,,,,
2023-09-12T00:00:00.000,,,,,,-0.8223214285714285,,,,,-0.7985436893203883,-0.5918762088974855
2023-09-13T00:00:00.000,,,,,,-0.914572864321608,,,,,,
2023-09-14T00:00:00.000,,,,,,,,-0.9034424853064652,,,,
2023-09-15T00:00:00.000,,,,,,,,,,,,
2023-09-16T00:00:00.000,-0.5623229461756374,,,,,,,,,-0.8064516129032258,,
2023-09-17T00:00:00.000,,,-0.9138592750533049,,,,-0.9835728952772074,,,,,
2023-09-18T00:00:00.000,,,,,,,,,-0.4852941176470589,,,
2023-09-20T00:00:00.000,,,,,,,,,,,-0.6465863453815262,-0.8524590163934427
2023-09-21T00:00:00.000,-0.5437665782493368,,,-0.8666666666666667,,,,-0.3721461187214612,-0.830379746835443,,,
2023-09-22T00:00:00.000,,,-0.21370967741935487,,-0.7846441947565543,,,,,,,
2023-09-23T00:00:00.000,,,,,,,,-0.7384898710865562,,,,
2023-09-24T00:00:00.000,,,-0.5367521367521367,,,-0.9042984590429846,,,-0.3214285714285714,,,
2023-09-25T00:00:00.000,,,-0.8302583025830258,,,,-0.7398843930635839,,,,-0.9961195188203337,
2023-09-26T00:00:00.000,,-0.7704918032786885,,,,,,,,,,
2023-09-27T00:00:00.000,,,,,,,,,,,,
2023-09-28T00:00:00.000,-0.4337782340862423,,,,,,,,,,,
2023-09-29T00:00:00.000,,,,-0.9819277108433735,,,,-0.21126760563380287,-0.6209677419354839,,,-0.3820224719101124
2023-09-30T00:00:00.000,,,,,-0.7903903903903904,,,,,,,
2023-10-01T00:00:00.000,,-0.8830409356725146,,,,,,,,,,
2023-10-02T00:00:00.000,,,-0.7391304347826086,,,,,-0.6866197183098591,,,,-0.33720930232558144
2023-10-03T00:00:00.000,-0.9640668523676881,,,,-0.21203438395415475,-0.945054945054945,-0.25384615384615383,,,,,
2023-10-04T00:00:00.000,,,,-0.9624773960216998,,,,-0.9728118292392082,,-0.9066523605150214,,
2023-10-05T00:00:00.000,-0.4387254901960784,,,,,,-0.5773195876288659,,,,,
2023-10-06T00:00:00.000,,,,,,,,,-0.7690114068441065,,,
2023-10-07T00:00:00.000,,,,,,,,,,,,
2023-10-08T00:00:00.000,,,,,,,,,,,,
2023-10-09T00:00:00.000,,,,-0.9577464788732395,,,-0.6675148430873622,,,,,
2023-10-10T00:00:00.000,,,,,,,-0.9846938775510204,,,-0.28896672504378285,,
2023-10-11T00:00:00.000,,,-0.9136060100166945,,-0.5709090909090909,,,,,-0.3226600985221675,,
2023-10-12T00:00:00.000,-0.7861736334405145,,,,,,,,-0.6883365200764818,-0.36,,
2023-10-13T00:00:00.000,,,,,,,,-0.6286919831223629,,,,
2023-10-14T00:00:00.000,,,-0.45977011494252873,,,,,,,,,
2023-10-15T00:00:00.000,,,,,,,,,-0.8302658486707566,,,-0.8356015242242787
2023-10-16T00:00:00.000,-0.2342733188720173,,,,,,,-0.9029017857142857,,,-0.9041682898324893,-0.2450331125827815
2023-10-17T00:00:00.000,,,,,,,,,,,,
2023-10-18T00:00:00.000,,,,,,,,-0.8390804597701149,,,-0.9227642276422764,
2023-10-19T00:00:00.000,,,,,,-0.4753820033955858,,,,,,
2023-10-20T00:00:00.000,,,-0.2761904761904762,,,,,,,,,
2023-10-21T00:00:00.000,,,,,-0.9018691588785047,,,-0.39459459459459456,-0.9563567362428842,-0.658908507223114,,
2023-10-22T00:00:00.000,,,,,,,,,,,-0.53315649867374,
2023-10-23T00:00:00.000,-0.7398489140698772,,,,,,,,,,,-0.7734919983586377
2023-10-24T00:00:00.000,,-0.42649434571890144,,,-0.8741808650065531,,,,,,-0.3352272727272727,-0.33333333333333337
2023-10-25T00:00:00.000,,-0.6704225352112676,,-0.6145038167938932,-0.5833333333333333,,,,,,,-0.21739130434782605
2023-10-26T00:00:00.000,,,,,,,,,,,,
2023-10-27T00:00:00.000,,,,,,,,,,,,
2023-10-28T00:00:00.000,,,,,-0.7981191222570533,,,,-0.9550173010380623,,,
2023-10-29T00:00:00.000,,,,,,,-0.8234086242299794,-0.652014652014652,,,,
2023-10-30T00:00:00.000,,,,,-0.6111757857974389,,,,,-0.8517221249270286,,
2023-10-31T00:00:00.000,,,,,,,,,,,,
2023-11-01T00:00:00.000,,,,,-0.688622754491018,,,-0.6368421052631579,,,,
2023-11-02T00:00:00.000,,,,,,,,,,,-0.9508196721311475,-0.5293005671077504
2023-11-03T00:00:00.000,,,,,,,,,,,,
2023-11-04T00:00:00.000,,,,-0.7265486725663717,,-0.9133030130756111,,,,,,
2023-11-05T00:00:00.000,,,,,-0.7309262841177735,,,,-0.6319218241042346,,,
2023-11-06T00:00:00.000,-0.6882494004796162,,,,,,,,,,,
2023-11-07T00:00:00.000,,,,,,,,,,,,
2023-11-08T00:00:00.000,,,,,,,,,,,,
2023-11-09T00:00:00.000,,,,,,,,-0.8539325842696629,,,,-0.8655500226346763
2023-11-10T00:00:00.000,,,,-0.674757281553398,,-0.5352798053527981,,,,,-0.34426229508196726,
2023-11-11T00:00:00.000,,,,,,,,,,,,
2023-11-12T00:00:00.000,,,,,,,,,,,,
2023-11-13T00:00:00.000,,,,-0.7571592210767468,,,,,,,,
2023-11-14T00:00:00.000,,,,,-0.9522274325908558,,,,-0.2079646017699115,-0.9445015416238438,,-0.6767676767676767
2023-11-15T00:00:00.000,,,,,,,,,,,,
2023-11-16T00:00:00.000,,,,,,,,,,-0.9650145772594753,,
2023-11-17T00:00:00.000,,,,,,,,,,,,-0.5720876585928489
2023-11-18T00:00:00.000,,,,,,-0.5994659546061416,,,,,,
2023-11-19T00:00:00.000,-0.944627554383652,-0.9230046948356807,,,-0.8818827708703375,,-0.8036984352773826,,,,,
2023-11-20T00:00:00.000,,,,,,-0.5733333333333333,-0.4945652173913043,,,,-0.5711878685762426,-0.545822102425876
2023-11-21T00:00:00.000,,,,,,,,,,,-0.8153241650294696,-0.4777448071216617
2023-11-22T00:00:00.000,,,,,,,,,,,,
2023-11-23T00:00:00.000,-0.28593628593628595,,,,,,,-0.5199362041467305,,,,
2023-11-24T00:00:00.000,-0.7780195865070729,-0.5662482566248257,,,,,,,,,,
2023-11-25T00:00:00.000,,,,,,-0.7838487972508591,,,,,,
2023-11-26T00:00:00.000,,-0.77491961414791,,,,,-0.952895419187554,,-0.625,-0.9743589743589743,,
2023-11-27T00:00:00.000,,,,-0.330948121645796,,,,,,,-0.985691573926868,-0.46039603960396036
2023-11-28T00:00:00.000,,-0.8810160427807486,,,,,,,,,,
2023-11-29T00:00:00.000,,,,,-0.8136033229491173,,,-0.8385269121813032,,-0.5381526104417671,,
2023-11-30T00:00:00.000,-0.8732057416267942,,,,,,,,,,,
2023-12-01T00:00:00.000,,-0.9617773530817009,,-0.6711229946524064,,,,-0.37092731829573933,,,,
2023-12-02T00:00:00.000,,,,,,-0.5094614264919941,,-0.5298804780876494,,,,
2023-12-03T00:00:00.000,,,,,,,,,,,,
2023-12-04T00:00:00.000,,-0.9625246548323472,,,,,,,,,,
2023-12-05T00:00:00.000,,,,,,,,,-0.543956043956044,,,-0.7281746031746033
2023-12-06T00:00:00.000,,-0.9194729136163983,,-0.5328083989501312,,,,-0.4917582417582418,,,,
2023-12-07T00:00:00.000,,,,,,,,-0.5675675675675675,,,,
2023-12-08T00:00:00.000,,,,,,,,,,,,-0.4545454545454546
2023-12-09T00:00:00.000,,,-0.8355021688355022,,-0.8731117824773413,,-0.2016129032258065,,,-0.8167597765363128,,
2023-12-10T00:00:00.000,,,,,,,,,,,,
2023-12-11T00:00:00.000,,,,,,,,,,,,
2023-12-12T00:00:00.000,,,,-0.8764976958525346,,,,,,,,
2023-12-14T00:00:00.000,,,,,,,,,,,,
2023-12-15T00:00:00.000,,,,,-0.7040618955512572,,-0.9907780979827089,,,,,
2023-12-16T00:00:00.000,,,,,,-0.4023255813953488,,,,-0.723761544920235,,
2023-12-17T00:00:00.000,-0.5170990566037736,-0.9247761194029851,,,,,,,,,,
2023-12-18T00:00:00.000,,,,,,,-0.7409420289855073,,,,,
2023-12-19T00:00:00.000,,-0.3492063492063492,,,,,,,,-0.45592705167173253,-0.46509009009009006,
2023-12-20T00:00:00.000,-0.514041514041514,,,,,,,,,,,
2023-12-21T00:00:00.000,,,-0.8391569606211869,,,-0.6876456876456876,,-0.8067612687813022,,,,
2023-12-22T00:00:00.000,,,,,,,-0.8639652677279306,,,-0.46368715083798884,,
2023-12-23T00:00:00.000,,,,,,,,,,,,-0.49387254901960786
2023-12-24T00:00:00.000,,,,,,,,,,,,-0.4043583535108959
2023-12-25T00:00:00.000,,,,,,,,,-0.22556390977443608,,-0.6189320388349515,
2023-12-26T00:00:00.000,-0.6241426611796983,,,,,,,,,,,
2023-12-27T00:00:00.000,,,,,,,-0.6815415821501014,,-0.4077669902912622,,,
2023-12-28T00:00:00.000,-0.8661800486618005,,-0.8864887759423973,,,,,,,,,
2023-12-29T00:00:00.000,,,,,,,,-0.7993384785005513,,,,
2023-12-30T00:00:00.000,,-0.7958477508650519,,,,,,,,,,-0.8861788617886179
2023-12-31T00:00:00.000,,,,,,,,-0.2857142857142857,,,-0.4018691588785047,
2024-01-01T00:00:00.000,,,,-0.25465838509316774,,,,,,,,
2024-01-02T00:00:00.000,,,,,,,,,,,-0.8473767885532592,
2024-01-03T00:00:00.000,,,,,,-0.7967741935483871,,,,,,
2024-01-04T00:00:00.000,,,,,-0.787037037037037,,,,,,,
2024-01-05T00:00:00.000,,,,,,,,,-0.6550632911392404,-0.9883073496659243,,
2024-01-06T00:00:00.000,-0.2658959537572254,,,,,,,,,,,
2024-01-07T00:00:00.000,,,,,-0.8115942028985508,,,,,,,
2024-01-08T00:00:00.000,,,,,,,,,,,,
2024-01-09T00:00:00.000,,,,,,,,,,,,-0.9833795013850416
2024-01-10T00:00:00.000,,,,-0.2780203784570596,,-0.543778801843318,,,,,,
2024-01-11T00:00:00.000,,,,-0.4233870967741935,,,,,,,,
2024-01-12T00:00:00.000,,,,,,,,,,,,
2024-01-13T00:00:00.000,-0.3305785123966942,,,,,,,,,,,
2024-01-14T00:00:00.000,,,,,-0.4935483870967742,,,,,,-0.8574401664932362,
2024-01-15T00:00:00.000,,-0.8962852494577006,,,,-0.8456375838926175,,,,,,-0.8559139784946237
2024-01-16T00:00:00.000,,,,,,,,,,-0.6714975845410628,,
2024-01-17T00:00:00.000,,-0.24444444444444446,,-0.7342657342657343,,,-0.9740634005763689,,,-0.8161764705882353,,
2024-01-18T00:00:00.000,,,,,,,,,,,,
2024-01-19T00:00:00.000,,,,,,,,,,,-0.2846715328467153,
2024-01-20T00:00:00.000,,,,,,-0.5434782608695652,,,,,,
2024-01-21T00:00:00.000,,,,,,,,-0.4883720930232558,,,,
2024-01-22T00:00:00.000,,,-0.33933933933933935,-0.7069408740359897,,-0.5034013605442177,,,,-0.5833333333333333,,
2024-01-23T00:00:00.000,,,,,-0.37789661319073087,,,,,,,
2024-01-24T00:00:00.000,,-0.9137120888509184,,,,,,,,,,
2024-01-25T00:00:00.000,,,,,-0.7679782903663501,,-0.5854700854700854,,,,,
2024-01-26T00:00:00.000,,,,,,,,,,,,-0.799074074074074
2024-01-27T00:00:00.000,,,,,,,,,,,,
2024-01-28T00:00:00.000,-0.40784671532846717,-0.42656449553001274,-0.5331807780320366,,,,,,,-0.6883005977796754,,
2024-01-29T00:00:00.000,,,,,,,,,,,,
2024-01-30T00:00:00.000,-0.3281972265023112,,,,,,,-0.7366666666666667,,-0.7424657534246575,-0.5977112676056338,
2024-01-31T00:00:00.000,,,,,,,,,-0.7883211678832117,,,-0.6705069124423964
2024-02-01T00:00:00.000,,,,,,,,,,,,
2024-02-02T00:00:00.000,,-0.852416091406808,,,-0.9065420560747663,,-0.7159090909090908,,,-0.648936170212766,,
2024-02-03T00:00:00.000,-0.3615023474178404,,-0.769690927218345,,,,,,,,,-0.9041353383458647
2024-02-04T00:00:00.000,,-0.7903225806451613,-0.7467532467532467,,,,,,,,-0.8304431599229287,
2024-02-05T00:00:00.000,,,,,,,,,,,,
2024-02-06T00:00:00.000,,,,,,,,,,,,
2024-02-07T00:00:00.000,,,,-0.9561270801815431,,,,,-0.6360294117647058,,,
2024-02-08T00:00:00.000,,,,,,,,,,,-0.3579545454545454,
2024-02-09T00:00:00.000,,,,,-0.6248012718600954,,,,,,,
2024-02-10T00:00:00.000,,-0.9584775086505191,-0.8394160583941606,,,,-0.2222222222222222,,,,,
2024-02-11T00:00:00.000,,,,,,,,,,,,
2024-02-12T00:00:00.000,,,,,,,,-0.7515432098765432,,,,-0.5667574931880108
2024-02-13T00:00:00.000,,,,,,,,,,,,
2024-02-14T00:00:00.000,,,,,,-0.3169917864476386,,,,,,
2024-02-15T00:00:00.000,,,-0.6133333333333333,,-0.44279661016949157,,,-0.9281314168377823,-0.8772535481396241,,,
2024-02-16T00:00:00.000,-0.8262195121951219,,,,,,,,,-0.5963020030816641,-0.2025862068965517,
2024-02-17T00:00:00.000,,,,,,,,-0.2808219178082192,,,,
2024-02-18T00:00:00.000,,,,,,,,,,,,
2024-02-19T00:00:00.000,,,,,-0.42205323193916355,,,,,,,
2024-02-20T00:00:00.000,,,,,,,,,-0.7317073170731707,,,
2024-02-21T00:00:00.000,,,,,-0.618421052631579,,,,,,,
2024-02-22T00:00:00.000,,,,,,,,,,,,
2024-02-23T00:00:00.000,,,,,,,-0.5326633165829145,,,,,
2024-02-24T00:00:00.000,,,,,,-0.7722660653889515,,,,,,-0.9649122807017544
2024-02-25T00:00:00.000,-0.6588021778584392,,,-0.6789554531490015,,,,,,,,
2024-02-26T00:00:00.000,,-0.47470817120622566,-0.5216919739696313,-0.5669856459330144,,,,,-0.4986301369863013,,,
2024-02-27T00:00:00.000,-0.6382978723404256,,,,,,,,,-0.9122137404580153,,
2024-02-28T00:00:00.000,,,,-0.9337016574585635,,,,-0.861244019138756,,,,
2024-02-29T00:00:00.000,,,,,,,,,,,-0.8547215496368039,
2024-03-01T00:00:00.000,,,,,,,-0.9390787518573551,,,-0.5460122699386503,,
2024-03-02T00:00:00.000,,,-0.8367346938775511,,,,,,,,,
2024-03-03T00:00:00.000,,,,,,,-0.42101501072194425,,,,-0.3652253909843606,
2024-03-04T00:00:00.000,,,-0.23546511627906974,,,,,,-0.20765027322404372,,-0.8963768115942029,
2024-03-05T00:00:00.000,,,,,,,,,,,,
2024-03-06T00:00:00.000,-0.37677053824362605,-0.8465387823185988,,,-0.9002375296912114,,-0.7444444444444445,,,,,
2024-03-07T00:00:00.000,,,,,-0.4722222222222222,,,,,,,
2024-03-08T00:00:00.000,,-0.3097826086956522,,,,,,,,,,
2024-03-09T00:00:00.000,,,,,,-0.8027681660899654,,,,,-0.38137082601054484,
2024-03-10T00:00:00.000,-0.34090909090909094,,,,-0.9148504815002534,,,,,,,
2024-03-11T00:00:00.000,,,,,,,-0.4865771812080537,-0.32912621359223304,,,,
2024-03-12T00:00:00.000,,,,,,,,-0.215629522431259,-0.7696078431372549,-0.7452258965999068,,-0.7755395683453238
2024-03-13T00:00:00.000,,,,,-0.3173076923076923,,,-0.49446494464944646,,,,
2024-03-14T00:00:00.000,,,,-0.5550847457627119,-0.7676056338028169,,,,,,-0.9034090909090909,
2024-03-15T00:00:00.000,,,,,,,-0.35646687697160884,,,-0.36837294332723947,,
2024-03-16T00:00:00.000,,,,,,,,,,,,
2024-03-17T00:00:00.000,,,,,,,,,,,,
2024-03-18T00:00:00.000,,,-0.9385265133740028,,,,,,,,,
2024-03-19T00:00:00.000,,,,,,,,,,,,
2024-03-20T00:00:00.000,,,-0.7977099236641221,,,,-0.7199602780536246,-0.8828404431649656,,,,
2024-03-21T00:00:00.000,,,,,,,,,,,-0.7387862796833773,
2024-03-22T00:00:00.000,,-0.9148988051694709,,-0.8380024360535931,-0.9505494505494505,,,,,,,-0.6492307692307693
2024-03-23T00:00:00.000,-0.7459459459459459,,,,,,,-0.8548026805658973,,-0.9502617801047121,,
2024-03-24T00:00:00.000,,-0.22063037249283668,,,,,,,,,,
2024-03-25T00:00:00.000,,,,-0.4698795180722891,,,,,,,,
2024-03-26T00:00:00.000,-0.9219858156028369,,,,,,,,,,,
2024-03-27T00:00:00.000,,,,,,,-0.2755102040816326,,,,,
2024-03-28T00:00:00.000,,,,,,,,,,,-0.9165797705943691,-0.49130974549968964
2024-03-29T00:00:00.000,,,,,,,,,,,,
2024-03-30T00:00:00.000,,,,,,,,,,,,
2024-03-31T00:00:00.000,,,,,,,,,,,,
2024-04-01T00:00:00.000,,,,,,,,,,,,
2024-04-02T00:00:00.000,,,,,,-0.2033898305084746,,,,,,-0.8078668683812406
2024-04-03T00:00:00.000,,,,,-0.6532258064516129,,,-0.9443654822335026,,,,
2024-04-04T00:00:00.000,,,,,,,-0.9393258426966292,,,-0.46681922196796344,-0.8547945205479452,
2024-04-05T00:00:00.000,,,,,,-0.6526315789473685,,-0.5782312925170068,,,-0.4528301886792453,
2024-04-06T00:00:00.000,,-0.8938106796116505,,,,,-0.916,,,,,
2024-04-07T00:00:00.000,,,,-0.7553191489361702,,,,,-0.9592786503781268,,,
2024-04-08T00:00:00.000,,,,,,,,-0.5483870967741935,,-0.6981927710843374,-0.7663934426229508,
2024-04-09T00:00:00.000,,,,,,,,,,,,
2024-04-10T00:00:00.000,,,,-0.4852941176470589,,,,,,-0.654690618762475,,-0.8594890510948905
2024-04-11T00:00:00.000,,,,,,,,,,,,
2024-04-12T00:00:00.000,,,-0.47578947368421054,-0.8618881118881119,-0.3769230769230769,-0.8954869358669834,,,,,,
2024-04-13T00:00:00.000,,,,,,,,,,,,
2024-04-14T00:00:00.000,-0.3562005277044855,,,-0.7704081632653061,,,,,-0.2770186335403727,,,
2024-04-15T00:00:00.000,,,,,,,,,,,,
2024-04-16T00:00:00.000,,,,,,,,,-0.44845360824742264,-0.8910891089108911,,
2024-04-17T00:00:00.000,,,,,,,,,-0.6822429906542056,,,-0.8013100436681223
2024-04-18T00:00:00.000,,,,,,,-0.9077647058823529,,,,,
2024-04-19T00:00:00.000,,,-0.6947791164658634,,-0.9083484573502723,,,,,-0.9215686274509804,,
2024-04-20T00:00:00.000,,,,,,,,,,,,
2024-04-21T00:00:00.000,,,,,,,,,-0.7291666666666667,,-0.7738246505717916,
2024-04-22T00:00:00.000,,,,,,-0.5844594594594594,,,,,,
2024-04-23T00:00:00.000,,,-0.29780564263322884,-0.696068012752391,,,,-0.8987626546681665,,-0.41129032258064513,,
2024-04-24T00:00:00.000,,,,,,,,,,-0.20547945205479456,,
2024-04-25T00:00:00.000,,,-0.8794642857142857,-0.8041958041958042,-0.316793893129771,,,,,,,
2024-04-26T00:00:00.000,,,,,,-0.2009864364981504,,,,,,
2024-04-27T00:00:00.000,,,,,,,,,,,-0.9241573033707865,
2024-04-28T00:00:00.000,,-0.9798301486199575,-0.9119612814012446,,-0.8448275862068966,-0.7851851851851852,,,,-0.5304740406320542,,
2024-04-29T00:00:00.000,,,,-0.30201342281879195,,,,,,,,
2024-04-30T00:00:00.000,-0.7207977207977208,-0.4080996884735203,,,,,,,,,,
2024-05-01T00:00:00.000,,,,,,,,,,,,
2024-05-02T00:00:00.000,,,-0.8505171838505172,,,,-0.6241379310344828,,,,,-0.9547445255474453
2024-05-03T00:00:00.000,,,,-0.23229461756373937,,,,,,,,
2024-05-04T00:00:00.000,,-0.45789473684210524,,-0.6881918819188192,,-0.9137931034482758,,,,,,-0.7918983320095314
2024-05-05T00:00:00.000,-0.8843537414965986,,,,,,,,,-0.2752043596730245,,
2024-05-06T00:00:00.000,,,,,-0.8243045387994143,,,-0.9114583333333334,,-0.6917293233082706,,
2024-05-07T00:00:00.000,,,,-0.7342047930283224,,,,,,,,
2024-05-08T00:00:00.000,-0.9607843137254902,,,,,,,,-0.570281124497992,,,
2024-05-09T00:00:00.000,,,-0.916580310880829,,-0.4224137931034483,,,,,,,
2024-05-10T00:00:00.000,,,,,,,,-0.5867620751341682,,,,-0.9400369003690037
2024-05-11T00:00:00.000,,,-0.6770186335403727,,,,,,,,-0.8950563746747615,
2024-05-12T00:00:00.000,,,,,,-0.9349420392713508,,,,,,
2024-05-13T00:00:00.000,,,,,,,,,-0.2983870967741935,-0.8089368258859784,,-0.545275590551181
2024-05-14T00:00:00.000,,,,,,,,,,,,
2024-05-15T00:00:00.000,,,,,,-0.4087301587301587,,-0.9567099567099567,-0.8913738019169329,,,
2024-05-16T00:00:00.000,,-0.7977485928705441,,,-0.4062699936020473,,,,,-0.6022727272727273,,-0.7178477690288714
2024-05-17T00:00:00.000,-0.7531034482758621,,,,,,,,,,,
2024-05-18T00:00:00.000,,,-0.9281088082901554,,,,,,,,,-0.5023255813953489
2024-05-19T00:00:00.000,,,,,,-0.7583892617449665,,,,,,
2024-05-20T00:00:00.000,,,,,,,,,,,,
2024-05-21T00:00:00.000,,,,-0.8722222222222222,,,,,,,,
2024-05-22T00:00:00.000,,-0.8114478114478114,-0.28828828828828834,,,,-0.6038781163434903,,,,,
2024-05-23T00:00:00.000,,,,,,,,,,,,
2024-05-24T00:00:00.000,,,,,,,,,,-0.36734693877551017,,
2024-05-25T00:00:00.000,,-0.749791492910759,,,,,,,,,,
2024-05-26T00:00:00.000,,,-0.49586776859504134,,-0.6443965517241379,,,,,,-0.3784722222222222,-0.9848790322580645
2024-05-27T00:00:00.000,,,,,,,,,,,,
2024-05-28T00:00:00.000,,,-0.8992974238875878,,,,,,-0.3471074380165289,,,
2024-05-29T00:00:00.000,,,,,-0.97,,,,,,,
2024-05-30T00:00:00.000,,,,,-0.7142857142857143,,-0.6202749140893471,,,,,
2024-05-31T00:00:00.000,,,,,,,,,,,,-0.8231511254019293
2024-06-01T00:00:00.000,,,,,,,,,,,,
2024-06-02T00:00:00.000,,,,,,,,,,-0.8895545314900154,,
2024-06-03T00:00:00.000,,,,,,,,,,,-0.4771929824561404,
2024-06-04T00:00:00.000,-0.2985971943887775,,,,,,,,,,,
2024-06-05T00:00:00.000,,-0.8410041841004184,,-0.934540693868645,,,,,,,,-0.44940476190476186
2024-06-06T00:00:00.000,,,,,,-0.8821154622527251,-0.5808656036446469,,-0.419953596287703,-0.2614742698191933,,
2024-06-07T00:00:00.000,,,,,,,,,,,,
2024-06-08T00:00:00.000,,,,,,,,,,-0.7627118644067796,,
2024-06-09T00:00:00.000,-0.7357512953367875,,,,,-0.9357656731757451,-0.2717391304347826,,-0.7598684210526316,,,
2024-06-10T00:00:00.000,-0.5294117647058824,,,,,-0.31999999999999995,,,,,-0.8360215053763441,
2024-06-11T00:00:00.000,,-0.6368421052631579,,,,,,,,,,
2024-06-12T00:00:00.000,,,,,,,-0.417910447761194,,,,,
2024-06-13T00:00:00.000,,,,,,,,,-0.39015151515151514,,,-0.5945945945945945
2024-06-14T00:00:00.000,,,,,,,,,,-0.30833333333333335,,
2024-06-15T00:00:00.000,,,,,,,,-0.7278481012658228,,,,
2024-06-16T00:00:00.000,,-0.3913043478260869,,,,,,,,,,
2024-06-17T00:00:00.000,,,,-0.9370816599732262,,,,,-0.24858299595141697,,,
2024-06-18T00:00:00.000,-0.599112426035503,,,,,,,-0.5794797687861272,,,,
2024-06-20T00:00:00.000,-0.49704797047970484,,,,,,,,,,,
2024-06-21T00:00:00.000,,,-0.5834586466165413,,-0.81199538638985,,,,-0.9364224137931034,,,
2024-06-22T00:00:00.000,,,,,,-0.7083775185577943,,,,,,
2024-06-23T00:00:00.000,,,,,,-0.8072727272727273,-0.8376068376068376,,,,,
2024-06-24T00:00:00.000,-0.6500366837857667,,,,,,,,,,,
2024-06-25T00:00:00.000,,,-0.9196914700544465,,,,,,,,,-0.7526427061310782
2024-06-26T00:00:00.000,,-0.5294117647058824,,,,,,,,,,
2024-06-27T00:00:00.000,,,,-0.8521939953810623,,,,,,,-0.5948434622467771,
2024-06-28T00:00:00.000,,-0.43254262416604894,,,,,,,,,,
2024-06-29T00:00:00.000,,,,,,,,,,,,
2024-06-30T00:00:00.000,,,,,,,,,,,,
2024-07-01T00:00:00.000,-0.8577494692144374,,,,,,,,-0.7994480220791168,,,
2024-07-02T00:00:00.000,,-0.9795291709314227,,-0.9229323308270677,-0.5684523809523809,,,,,,,
2024-07-03T00:00:00.000,-0.9338211899459116,,-0.47175141242937857,,,,,-0.3917525773195877,,-0.5665322580645161,,
2024-07-04T00:00:00.000,,,,,,,,,,-0.7441860465116279,,
2024-07-05T00:00:00.000,,,,,,,,-0.384180790960452,,,-0.5421216848673946,
2024-07-06T00:00:00.000,,,,,,,,,-0.8036253776435045,,-0.7410562180579217,-0.9689608636977058
2024-07-07T00:00:00.000,,,,,,,,,,,,
2024-07-08T00:00:00.000,,,,,,-0.943127962085308,,,,,,
2024-07-09T00:00:00.000,,,,,,,-0.8909418657052727,,,,,
2024-07-10T00:00:00.000,,,,,,,,,,,,-0.6414141414141414
2024-07-11T00:00:00.000,,,-0.6354166666666667,,-0.7635658914728682,,,,,,,
2024-07-12T00:00:00.000,,,-0.5357142857142857,,,,-0.49173553719008267,-0.8295819935691319,,,,
2024-07-13T00:00:00.000,-0.9475166410650282,,,,,,,-0.3459119496855346,,,,
2024-07-14T00:00:00.000,,,,,,-0.7761788120024495,,,,,-0.5394736842105263,
2024-07-15T00:00:00.000,,,,,,,-0.989247311827957,,,,,
2024-07-16T00:00:00.000,,,,,,,,,,,,
2024-07-17T00:00:00.000,,-0.3875338753387534,,,-0.8270777479892761,,,,,,,-0.8851351351351351
2024-07-18T00:00:00.000,,,-0.5820359281437126,,,-0.30266075388026603,,,,-0.5633528265107213,,
2024-07-19T00:00:00.000,,,,,,,,,,,,
2024-07-20T00:00:00.000,,,-0.5460526315789473,,,,,,,,,
2024-07-21T00:00:00.000,,,,,,,,-0.766122098022356,,,-0.9701173959445037,
2024-07-22T00:00:00.000,-0.36316695352839934,-0.5683760683760684,,,,,,,-0.38375796178343946,,,
2024-07-23T00:00:00.000,-0.6581081081081082,,,,,-0.6550079491255962,,,,,,
2024-07-24T00:00:00.000,,,,-0.7982090795501874,,,,,,,,
2024-07-25T00:00:00.000,,,,,,,,,,-0.6988888888888889,,
2024-07-26T00:00:00.000,-0.9719451371571073,,-0.7729468599033816,,,,-0.5145011600928074,,,-0.28044280442804426,,
2024-07-27T00:00:00.000,,-0.5905172413793103,,,,,,-0.9826589595375722,,,,
2024-07-28T00:00:00.000,-0.22972972972972971,,,-0.5500515995872033,,,,,-0.6786570743405276,-0.5435897435897437,,
2024-07-29T00:00:00.000,,,-0.977399958532034,,,,,,,,,
2024-07-30T00:00:00.000,-0.6234866828087167,,,,-0.7562408223201175,,-0.5412186379928315,,,,-0.9756756756756757,
2024-07-31T00:00:00.000,-0.8392282958199357,,,,,,,,,,,
2024-08-01T00:00:00.000,,,,,,,,,,-0.3258426966292135,,
2024-08-02T00:00:00.000,,,,,,,,,,,,
2024-08-03T00:00:00.000,,,,,,,-0.296875,,,,,
2024-08-04T00:00:00.000,-0.9084507042253521,,,-0.9174385823600484,,,,,,,-0.9557377049180328,
2024-08-05T00:00:00.000,,,,,,,,,,,,
2024-08-06T00:00:00.000,,,,,,,,,,,,
2024-08-07T00:00:00.000,,,-0.6167400881057269,,,,-0.6516220028208745,,,,,
2024-08-08T00:00:00.000,,-0.45736434108527135,,,,,,,,,,
2024-08-09T00:00:00.000,,,,,,,-0.5748987854251012,,-0.8260244428468728,,,-0.7505854800936769
2024-08-10T00:00:00.000,,,,,-0.20847750865051906,,,,-0.5206611570247934,,,
2024-08-11T00:00:00.000,,,,,,-0.795774647887324,,,,-0.9326241134751773,-0.8640284119736175,-0.9107981220657277
2024-08-12T00:00:00.000,,,,,,,,,,,-0.3843283582089553,
2024-08-13T00:00:00.000,,,-0.9224067519738633,-0.7239792984473836,-0.7475961538461539,,,,,,,
2024-08-14T00:00:00.000,,-0.6258928571428571,,,,,,,,,,
2024-08-15T00:00:00.000,,-0.26491646778042954,,,,,-0.7455830388692579,,,,,
2024-08-16T00:00:00.000,,-0.2824675324675324,,,,,,,,,,
2024-08-17T00:00:00.000,,,,,,,,,,,,
2024-08-18T00:00:00.000,,,,,,,,,,,,
2024-08-19T00:00:00.000,,,,,,,,,,,,
2024-08-20T00:00:00.000,,,,-0.6572916666666666,,,,-0.7883435582822086,,,,
2024-08-21T00:00:00.000,,,,,,,-0.8462763839107925,,,,,
2024-08-22T00:00:00.000,,,,,-0.6722222222222223,-0.759879563417388,,,-0.796844181459566,,,
2024-08-23T00:00:00.000,,,,,,,-0.5077720207253886,,,,,-0.9137404580152672
2024-08-24T00:00:00.000,,,,,,,,,,-0.3443072702331962,,
2024-08-25T00:00:00.000,,,,,,-0.8557993730407524,,,-0.8930817610062893,,,
2024-08-26T00:00:00.000,,-0.8272632674297606,-0.9014430014430015,,-0.5475763016157988,,,,,,,
2024-08-27T00:00:00.000,,,-0.3850658857979502,,,,,-0.7058823529411764,,-0.8242677824267782,,-0.8047004303210857
2024-08-28T00:00:00.000,,,,,,,,,,,,
2024-08-29T00:00:00.000,,,,,,,,-0.43452380952380953,,,,
2024-08-30T00:00:00.000,,,,,,,,,,,,
2024-08-31T00:00:00.000,,,,,,-0.8528761061946902,,,,,,
2024-09-01T00:00:00.000,-0.8648710340104999,,,,,,,,,,,-0.5203389830508475
2024-09-02T00:00:00.000,,,,,,,,,,-0.4811715481171548,,
2024-09-03T00:00:00.000,,,,,,,,,,,-0.47757671125098344,
2024-09-04T00:00:00.000,,,,,,,,,-0.43630573248407645,,,
2024-09-05T00:00:00.000,,,,-0.9912140575079872,,,,,,,,
2024-09-06T00:00:00.000,,-0.34337349397590367,,,,,,,,,,-0.6212765957446809
2024-09-07T00:00:00.000,,,,,-0.5992063492063492,,,,,,,
2024-09-08T00:00:00.000,,,-0.7285714285714286,,,-0.8067173637515843,-0.7481865284974094,,,,,
2024-09-09T00:00:00.000,,,,,,,,,,,,
2024-09-10T00:00:00.000,,,,,,,-0.7738359201773836,,,,,
2024-09-11T00:00:00.000,,,,-0.7175493250259606,,,,-0.8076225045372051,,,,
2024-09-12T00:00:00.000,-0.8345498783454988,,,,,,,,,-0.9430284857571214,,
2024-09-13T00:00:00.000,,,,,,,-0.3529411764705882,,,,,
2024-09-14T00:00:00.000,,,-0.38888888888888884,,-0.7568306010928962,,,,,,,
2024-09-15T00:00:00.000,,,,,,,,,,,,
2024-09-16T00:00:00.000,,-0.8421793325291516,,-0.8575498575498576,,-0.5868852459016394,,,,,-0.6536144578313253,
2024-09-17T00:00:00.000,,,,,,,-0.7213740458015268,,,,,
2024-09-18T00:00:00.000,-0.9093896713615024,,,,,-0.8813953488372093,,,,,,
2024-09-19T00:00:00.000,,,,-0.9707729468599033,,,,,-0.9682814302191465,,,
2024-09-20T00:00:00.000,,,,,,,,,,,,
2024-09-21T00:00:00.000,,,-0.8328912466843501,,,,,,,,,
2024-09-22T00:00:00.000,,,,,-0.3062438057482656,,,,,,,
2024-09-23T00:00:00.000,,-0.3294117647058824,,,,,-0.9740313272877164,,,,,
2024-09-24T00:00:00.000,-0.9652173913043478,-0.23099415204678364,,,,,,,,,,
2024-09-25T00:00:00.000,,,,-0.9001536098310292,,,,,-0.8174523570712137,-0.4013490725126475,,
2024-09-26T00:00:00.000,,,,,,,,,,,,-0.4598425196850394
2024-09-27T00:00:00.000,,,,,,,,-0.7615577889447236,,,-0.741839762611276,
2024-09-28T00:00:00.000,,-0.28136882129277563,,-0.30419580419580416,-0.6652719665271967,,,-0.6680716543730243,-0.3131868131868132,,,
2024-09-29T00:00:00.000,,-0.29100529100529104,,,,,,,-0.528,,-0.27586206896551724,
2024-09-30T00:00:00.000,,,,,,,,,,,,
2024-10-01T00:00:00.000,,,-0.8241206030150754,,,,,,,,,
2024-10-02T00:00:00.000,,,,-0.668530757498729,,,,,,,,
2024-10-03T00:00:00.000,,,,-0.7039877300613497,,,,-0.5253968253968254,,,,
2024-10-04T00:00:00.000,-0.3443017656500803,,,,,,,,,-0.721881390593047,,
2024-10-05T00:00:00.000,,,,,-0.7615270203272186,,,,,,,
2024-10-06T00:00:00.000,-0.7943696450428397,,-0.5604551920341394,,,,,,,,-0.32978723404255317,-0.5383663366336633
2024-10-07T00:00:00.000,,,,,,,,,,,,
2024-10-08T00:00:00.000,,,,,,,,-0.2543103448275862,,,,
2024-10-09T00:00:00.000,,-0.32217573221757323,,,,,,,-0.7647951441578149,,-0.5851851851851853,
2024-10-10T00:00:00.000,,,-0.6343042071197411,,,,,,-0.8903225806451613,-0.8836097835254428,,
2024-10-11T00:00:00.000,,-0.20370370370370372,,,,,,,,,,
2024-10-12T00:00:00.000,,,,-0.8814892501310959,,,,,,,,
2024-10-13T00:00:00.000,,,-0.45408163265306123,,,,-0.9547826086956521,,,-0.5193236714975845,,-0.6632947976878613
2024-10-14T00:00:00.000,,,,,-0.5738444193912063,,,,-0.7720247295208655,,-0.7002111189303308,
2024-10-15T00:00:00.000,-0.3229813664596274,-0.7396907216494846,,,-0.21164021164021163,,,-0.9075660242683797,,,,
2024-10-16T00:00:00.000,,,,,,-0.784366576819407,,,-0.47796610169491527,,,-0.351931330472103
2024-10-17T00:00:00.000,,,-0.9018181818181819,,,,,,,,,
2024-10-18T00:00:00.000,,,,-0.4491803278688524,,,,,,,,
2024-10-19T00:00:00.000,,,,,-0.46563573883161513,,,,-0.9459076175040518,,,
2024-10-20T00:00:00.000,-0.823201856148492,-0.8240343347639485,,,,,,,,,,
2024-10-21T00:00:00.000,,,,,,,,,,,-0.7402597402597403,
2024-10-22T00:00:00.000,,,,,,,,-0.9176319176319176,,,,
2024-10-23T00:00:00.000,,,,,,,,,,,-0.44285714285714284,
2024-10-24T00:00:00.000,-0.795774647887324,,-0.8215324927255092,,,,,,,,,
2024-10-25T00:00:00.000,,,,-0.6329365079365079,,,,,,,,
2024-10-26T00:00:00.000,,,,,,,,-0.8946593001841621,,-0.896602658788774,,
2024-10-27T00:00:00.000,,,,,-0.9597989949748744,,,,-0.4418604651162791,,,
2024-10-28T00:00:00.000,,,,,,,,,,,,
2024-10-29T00:00:00.000,,-0.4983277591973244,,,,-0.5384615384615384,,-0.4300699300699301,,,-0.90437890974084,
2024-10-30T00:00:00.000,,,,,,,,,,,,
2024-10-31T00:00:00.000,,,,,-0.7150610583446404,,,,,,,-0.8792884371029225
2024-11-01T00:00:00.000,,-0.8933333333333333,,,,,,,,,,
2024-11-02T00:00:00.000,,,-0.8624338624338624,,,,,,,,,
2024-11-03T00:00:00.000,,,,,,-0.49021084337349397,,,,,,
2024-11-04T00:00:00.000,,,,-0.8064182194616978,,,,,,,,
2024-11-05T00:00:00.000,,-0.9860708067324434,,,,,,,,,,
2024-11-06T00:00:00.000,,,,,,,-0.30000000000000004,,,,,
2024-11-07T00:00:00.000,,,,,,,,,-0.6267748478701826,,-0.5185979971387698,
2024-11-08T00:00:00.000,,,,,,,,,,-0.9065010956902849,,-0.8911022576361222
2024-11-09T00:00:00.000,,,,,,,,,,,,
2024-11-10T00:00:00.000,-0.6247388215628917,,,-0.34983498349834985,,-0.9028871391076115,,,,,,
2024-11-11T00:00:00.000,-0.38307349665924273,,,,,,,,-0.7064561077566187,,,
2024-11-12T00:00:00.000,,,,-0.8913043478260869,-0.43560606060606055,,,,,,,
2024-11-13T00:00:00.000,,,-0.8740458015267176,,,,,-0.794266441821248,,,,
2024-11-14T00:00:00.000,,,,,,,,,,-0.24653739612188363,-0.7880398671096346,
2024-11-15T00:00:00.000,,,,,,-0.8426966292134832,,,,,,
2024-11-16T00:00:00.000,,,,,-0.5952970297029703,,-0.7629733520336606,,,-0.6544117647058824,-0.2695924764890282,
2024-11-17T00:00:00.000,,,,,,,,,,,,
2024-11-18T00:00:00.000,,,,,-0.9426310583580613,-0.7516077170418006,,,,,,
2024-11-19T00:00:00.000,,,,,,,-0.6094674556213018,,,,,-0.5971830985915493
2024-11-20T00:00:00.000,-0.7663690476190477,,,,,,,,,,,
2024-11-21T00:00:00.000,,-0.3102493074792244,,-0.8913043478260869,,,,,-0.8157894736842105,,,
2024-11-22T00:00:00.000,,,,,,-0.4854368932038835,,,,,-0.7808383233532934,
2024-11-23T00:00:00.000,,,-0.6288071065989848,,,,,,,,,
2024-11-24T00:00:00.000,,,,,,,,,,,,
2024-11-25T00:00:00.000,,,,,,,,,,,-0.2764976958525346,
2024-11-26T00:00:00.000,,,,,,,-0.7862248213125407,,,,,
2024-11-27T00:00:00.000,,-0.9598393574297188,,,,,,,,,,
2024-11-28T00:00:00.000,,,-0.8115942028985508,-0.7427578215527231,,,,,,,,
2024-11-29T00:00:00.000,,,,-0.3918918918918919,-0.8309859154929577,,,-0.8,,,-0.26539278131634825,
2024-11-30T00:00:00.000,,,,,,-0.8633093525179856,,,,,,
2024-12-01T00:00:00.000,,,,,,,,,,,,
2024-12-03T00:00:00.000,,,-0.42920353982300885,,,,,,,,,
2024-12-04T00:00:00.000,-0.7410433689503457,,,,,,,,,,,
2024-12-05T00:00:00.000,,,,,,-0.9878892733564014,,,,,,
2024-12-06T00:00:00.000,,,,,,,,,,,-0.8659320477502296,-0.6
2024-12-07T00:00:00.000,,-0.7300813008130081,,-0.6991735537190082,,,,,,,,
2024-12-08T00:00:00.000,,,,,,,,-0.4562184624517661,,,,
2024-12-09T00:00:00.000,,,-0.4871794871794872,,,,,,,,,-0.8044871794871795
2024-12-10T00:00:00.000,,,,,,,,,,-0.41392649903288203,-0.7575107296137339,
2024-12-11T00:00:00.000,,,,,,,-0.728051391862955,-0.7362119013062409,,,,
2024-12-12T00:00:00.000,,-0.7765118317265557,,,,,,-0.5763411279229711,-0.8130841121495327,,,
2024-12-13T00:00:00.000,,,,,,,-0.8122993331686836,,,,,
2024-12-14T00:00:00.000,,-0.6862745098039216,,,,,,,,-0.306930693069307,,
2024-12-15T00:00:00.000,-0.9253246753246753,,,,,,,,-0.87,,,
2024-12-16T00:00:00.000,,,-0.2502387774594078,,,,,,,,,
2024-12-17T00:00:00.000,,-0.7956730769230769,-0.6764331210191084,,,,,,,,,
2024-12-18T00:00:00.000,,,,-0.405511811023622,-0.5576441102756893,,-0.22631578947368425,,,,,-0.45945945945945943
2024-12-19T00:00:00.000,,,-0.9488188976377953,-0.7748344370860927,-0.6572237960339944,,,,,,,
2024-12-20T00:00:00.000,,,,,,,,-0.8520710059171598,,,,
2024-12-21T00:00:00.000,,,,,,,-0.9393398751115076,,,,,
2024-12-22T00:00:00.000,-0.9649852660773097,,,,,-0.5961995249406176,,,,,,
2024-12-23T00:00:00.000,,,,,,,,,,,,
2024-12-24T00:00:00.000,,,-0.5018867924528302,,,,,,,,,
2024-12-25T00:00:00.000,,,,,,,,,-0.7856049004594181,,-0.708092485549133,
2024-12-26T00:00:00.000,,,,-0.6835260115606936,,,,,-0.5857142857142856,-0.6208651399491094,,
2024-12-27T00:00:00.000,,,,,,,,,-0.7931034482758621,,-0.597051597051597,
2024-12-28T00:00:00.000,,,,,,-0.5499557913351016,-0.5705329153605015,,,-0.44966442953020136,-0.3414634146341463,
2024-12-29T00:00:00.000,,,,,,,,,,,-0.7407407407407407,
2024-12-30T00:00:00.000,,,,-0.5388127853881279,,,,,,,,
2024-12-31T00:00:00.000,,,,-0.801980198019802,,,,,,,-0.8708946772366931,-0.5229681978798586
